localBodyCode,localBodyNameEnglish,localBodyNameLocal,blockCode
245380,Alargo,ALARGO,6626
111315,Bandio,BANDIO,6626
245381,Chandrapura,CHANDRAPURA,6626
111130,Dugda East,DUGDA EAST,6626
111131,Dugda North,DUGDA NORTH,6626
111132,Dugda South,DUGDA SOUTH,6626
111133,Dugda West,DUGDA WEST,6626
111134,Ghatiyari,GHATIYARI,6626
111145,Karma Tand,KARMA TAND,6626
111147,Kurumba,KURUMBA,6626
111333,Narri,NARRI,6626
111336,Paplo,PAPLO,6626
111148,Rangamati East,RANGAMATI EAST,6626
111149,Rangamati South,RANGAMATI SOUTH,6626
111150,Rangamati West,RANGAMATI WEST,6626
111151,Sijua,SIJUA,6626
111343,Taranari,TARANARI,6626
111344,Taranga,TARANGA,6626
111152,Tarmi,TARMI,6626
111323,Telo East,TELO EAST,6626
111330,Telo Middle,TELO MIDDLE,6626
111345,Telo West,TELO WEST,6626
111153,Turio,TURIO,6626
111122,Armo,ARMO,3064
111123,Baidhkaro East,BADHKARO EAST,3064
111129,Baidhkaro West,BAIDHKARO WEST,3064
111124,Bermo East,BERMO EAST,3064
111125,Bermo South,BERMO SOUTH,3064
111126,Bermo West,BERMO WEST,3064
111127,Bodiya North,BODIYA NORTH,3064
111128,Bodiya South,BODIYA SOUTH,3064
111135,Govindpur A,GOVINDPUR  A,3064
111136,Govindpur B,GOVINDPUR  B,3064
111137,Govindpur C,GOVINDPUR  C,3064
111138,Govindpur D,GOVINDPUR  D,3064
111139,Govindpur E,GOVINDPUR  E,3064
111140,Govindpur F,GOVINDPUR  F,3064
111141,Jarangdih North,JARANGDIH NORTH,3064
111142,Jarangdih South,JARANGDIH SOUTH,3064
111143,Jaridih East,JARIDIH EAST,3064
111144,Jaridih West,JARIDIH WEST,3064
111146,Kurpaniya,KURPANIYA,3064
111192,Alkusha,ALKUSHA,3066
111241,Babudih,BABUDIH,3066
111195,Badhadih,BADHADIH,3066
111193,Barpokhar,BARPOKHAR,3066
111197,Basgora East,BASGORA EAST,3066
111198,Basgora West,BASGORA WEST,3066
111194,Belunja,BELUNJA,3066
111199,Bhandro,BHANDRO,3066
111200,Bhatua,BHATUA,3066
111201,Bijuliya,BIJULIYA,3066
111202,Brahman Dawarika,BRAHMAN DAWARIKA,3066
111205,Chainpur,CHAINPUR,3066
111203,Chakuliya,CHAKULIYA,3066
111204,Chandaha,CHANDAHA,3066
248056,Chas,चास,3066
111206,Ghatiyali East,GHATIYALI EAST,3066
111207,Ghatiyali West,GHATIYALI WEST,3066
111209,Godawali North,GODAWALI NORTH,3066
111210,Godawali South,GODAWALI SOUTH,3066
111208,Gopalpur,GOPALPUR,3066
111211,Hasabatu East,HASABATU EAST,3066
111212,Hasabatu West,HASABATU WEST,3066
111213,Kalapathar,KALAPATHAR,3066
245382,Kanari West,KANARI WEST,3066
111215,Kandra,KANDRA,3066
111216,Karhariya,KARHARIYA,3066
111217,Kashijariya,KASHIJARIYA,3066
111218,Khamar Bendi,KHAMAR BENDI,3066
111219,Kolbendi,KOLBENDI,3066
111220,Kumardhaga,KUMARDHAGA,3066
111221,Kumhari,KUMHARI,3066
111222,Kura,KURA,3066
111238,Madhuniya,MADHUNIYA,3066
111223,Mango,MANGO,3066
111224,Maraphari Punarwas,MARAPHARI PUNARWAS,3066
111225,Mirdha,MIRDHA,3066
111226,Narayanpur,NARAYANPUR,3066
111227,Narkera Punarwas,NARKERA PUNARWAS,3066
111228,Nawadih,NAWADIH,3066
111229,Pindrajora,PINDRAJORA,3066
111230,Pokhanna,POKHANNA,3066
111231,Pundru,PUNDRU,3066
111232,Pupunki,PUPUNKI,3066
245383,Radhanagar,RADHANAGAR,3066
111233,Ranipokar,RANIPOKAR,3066
111234,Ritudih,RITUDIH,3066
111235,Sardaha,SARDAHA,3066
111237,Satanpur,SATANPUR,3066
111239,Sijua,SIJUA,3066
111240,Sonabad,SONABAD,3066
111236,Sunta,SUNTA,3066
111242,Tupra,TUPRA,3066
111243,Turidih,TURIDIH,3066
111244,Ukrid,UKRID,3066
111245,Ulgora,ULGORA,3066
111314,Ahardih,AHARDIH,3070
111326,Baradih,BARADIH,3070
111316,Barai,BARAI,3070
111317,Bhalmara,BHALMARA,3070
111318,Bhendra,BHENDRA,3070
111319,Birni,BIRNI,3070
111320,Chapri,CHAPRI,3070
111321,Chirudih,CHIRUDIH,3070
111322,Dahiyari,DAHIYARI,3070
111324,Goniyato,GONIYATO,3070
111325,Gunjardih,GUNJARDIH,3070
111327,Kacho,KACHO,3070
111328,Kanjkiro,KANJKIRO,3070
111329,Kharpito,KHARPITO,3070
111331,Munga Rangamati,MUNGA RANGAMATI,3070
111332,Narayanpur,NARAYANPUR,3070
111334,Nawadih,NAWADIH,3070
111335,Palamu,PALAMU,3070
111337,Parsabni,PARSABNI,3070
111338,Penk,PENK,3070
111339,Pokriya,POKRIYA,3070
111340,Potso,POTSO,3070
111341,Sahariya,SAHARIYA,3070
111342,Surhe,SURHE,3070
111157,Adita,ADITA,3065
111154,Adrakudi,ADRAKUDI,3065
111155,Amainagar,AMAINAGAR,3065
111156,Amlabad,AMLABAD,3065
111159,Badajor,BADAJOR,3065
111158,Bagula,BAGULA,3065
111160,Bastora,BASTORA,3065
111161,Batbinor,BATBINOR,3065
111162,Bhojudih East,BHOJUDIH EAST,3065
111163,Bhojudih West,BHOJUDIH WEST,3065
111164,Boriyadih,BORIYADIH,3065
111166,Chandankiyarieast,CHANDANKIYARI EAST,3065
111167,Chandankiyariwest,CHANDANKIYARI WEST,3065
111165,Chandra,CHANDRA,3065
111168,Damudih,DAMUDIH,3065
111169,Devgram,DEVGRAM,3065
111170,Fusro,FUSRO,3065
111171,Gamhariya,GAMHARIYA,3065
111172,Jhalbarda,JHALBARDA,3065
111173,Kalikapur,KALIKAPUR,3065
111174,Kherabera,KHERABERA,3065
111175,Kumirdoba,KUMIRDOBA,3065
111176,Kusumkiyari,KUSUMKIYARI,3065
111177,Laghla,LAGHLA,3065
111178,Lalpur,LALPUR,3065
111179,Lanka,LANKA,3065
111180,Madra,MADRA,3065
111181,Mahal East,MAHAL EAST,3065
111182,Mahal West,MAHAL WEST,3065
111183,Nawdiha,NAWDIHA,3065
111184,Nayawon,NAYAWON,3065
111185,Polkiri,POLKIRI,3065
111186,Sabra,SABRA,3065
111187,Saharjori,SAHARJORI,3065
111188,Shiv Babudih,SHIV BABUDIH,3065
111189,Silfor,SILFOR,3065
111190,Simuliya,SIMULIYA,3065
111191,Siyaljori,SIYALJORI,3065
111246,Badki Chidri,BADKI CHIDRI,3067
111247,Badki Sidhawara,BADKI SIDHAWARA,3067
111249,Bandh,BANDH,3067
111250,Baridari,BARIDARI,3067
111251,Barki Punu,BARKI PUNU,3067
111252,Chatrochatti,CHATROCHATTI,3067
111253,Chutte,CHUTTE,3067
111254,Dhawaiya,DHAWAIYA,3067
111255,Gomia,GOMIA,3067
111256,Hazari,HAZARI,3067
111257,Hosir East,HOSIR EAST,3067
111258,Hosir West,HOSIR WEST,3067
111259,Hurlung,HURLUNG,3067
111260,Jhirke,JHIRKE,3067
111261,Kander,KANDER,3067
111262,Kari Khurd,KARI KHURD,3067
111263,Kathara,KATHARA,3067
111264,Khamhara,KHAMHARA,3067
111265,Kodwa Tand,KODWA TAND,3067
111266,Kunda,KUNDA,3067
111267,Lalpaniya,LALPANIYA,3067
111268,Lodhi,LODHI,3067
111269,Mahua Tand,MAHUA TAND,3067
111270,Pachmo,PACHMO,3067
111248,Palihaari Gurudih,PALIHAARI GURUDIH,3067
111271,Saram East,SARAM EAST,3067
111272,Saram West,SARAM WEST,3067
111273,Sarhachiya,SARHACHIYA,3067
111274,Sasbera East,SASBERA EAST,3067
111275,Sasbera West,SASBERA WEST,3067
111276,Sawang North,SAWANG NORTH,3067
111277,Sawang South,SAWANG SOUTH,3067
111278,Siyari,SIYARI,3067
111279,Tikahara,TIKAHARA,3067
111280,Tilaiya,TILAIYA,3067
111281,Tulbul,TULBUL,3067
111282,Araju,ARAJU,3068
111283,Araldih,ARALDIH,3068
111284,Bandhdih North,BANDHDIH NORTH,3068
111285,Bandhdih South,BANDHDIH SOUTH,3068
111286,Baradih,BARADIH,3068
111287,Baru,BARU,3068
111288,Beldih,BELDIH,3068
111289,Bhaski,BHASKI,3068
111290,Chilgadda,CHILGADDA,3068
111291,Gangjori,GANGJORI,3068
111292,Gaychhanda,GAYCHHANDA,3068
111293,Jaina,JAINA,3068
111294,Khutri,KHUTRI,3068
111295,Tand Balidih,TAND BALIDIH,3068
111296,Tand Mohanpur,TAND MOHANPUR,3068
111297,Tatri North,TATRI NORTH,3068
111298,Tatri South,TATRI SOUTH,3068
111310,Bagda,BAGDA,3069
111299,Barikala,BARIKALA,3069
111300,Daatu,DAATU,3069
111301,Durgapur,DURGAPUR,3069
111302,Garri,GARRI,3069
111303,Hisim,HISIM,3069
111304,Kasmar,KASMAR,3069
111305,Kharachatar,KHARACHATAR,3069
111306,Madhukarpur,MADHUKARPUR,3069
111307,Manjura,MANJURA,3069
111308,Murhul Sudi,MURHUL SUDI,3069
111309,Ponda,PONDA,3069
111311,Singhpur,SINGHPUR,3069
111312,Sonpura,SONPURA,3069
111313,Tangtona,TANGTONA,3069
111346,Angwali North,ANGWALI NORTH,3071
111347,Angwali South,ANGWALI SOUTH,3071
111348,Arjuba,ARJUBA,3071
111356,Bundu,BUNDU,3071
111349,Chalkari North,CHALKARI NORTH,3071
111350,Chalkari South,CHALKARI SOUTH,3071
111351,Chando,CHANDO,3071
111352,Chapi,CHAPI,3071
111353,Chargi,CHARGI,3071
111354,Darid,DARID,3071
111355,Dharwa Tand,DHARWA TAND,3071
111357,Khetko,KHETKO,3071
111358,Koh,KOH,3071
111359,Mayapur,MAYAPUR,3071
111360,Ordhana,ORDHANA,3071
111361,Patki,PATKI,3071
111362,Peterwar,PETERWAR,3071
111363,Pichari North,PICHARI NORTH,3071
111364,Pichari South,PICHARI SOUTH,3071
111365,Sadmakala,SADMAKALA,3071
111366,Tenughat,TENUGHAT,3071
111367,Ulgadda,ULGADDA,3071
111368,Uttasara,UTTASARA,3071
111429,Belkhori,BELKHORI,6691
111432,Fulang,FULANG,6691
111434,Husia,HUSIA,6691
111436,Kadganwa Kala,KADGANWA KALA,6691
111437,Karma,KARMA,6691
111441,Manjhganwa,MANJHGANWA,6691
111442,Mayurhand,MAYURHAND,6691
111444,Pandni,PANDNI,6691
111446,Petaderi,PETADERI,6691
111449,Soki,SOKI,6691
111430,Dhankheri,DHANKHERI,3075
111431,Dhuna,DHUNA,3075
111433,Halmata,HALMATA,3075
111435,Itkhori,ITKHORI,3075
111438,Karni,KARNI,3075
111439,Koni,KONI,3075
111440,Malakpur,MALAKPUR,3075
111443,Nawada,NAWADA,3075
111445,Parsauni,PARSAUNI,3075
111447,Pitij,PITIJ,3075
111448,Shaharjam,SHAHARJAM,3075
111450,Tonatanr,TONATANR,3075
111451,Baudhadih,BAUDHADIH,3076
111452,Kunda,KUNDA,3076
111453,Margada,MARGADA,3076
111454,Nawada,NAWADA,3076
111455,Sikidag,SIKIDAG,3076
111369,Ara,ARA,3072
111371,Baraini,BARAINI,3072
111373,Brahmana,BRAHMANA,3072
111376,Damdoiya,DAMDOIYA,3072
111377,Darha,DARHA,3072
111378,Dariatu,DARIATU,3072
111379,Dewaria,DEWARIA,3072
111380,Gandharia,GANDHARIA,3072
111381,Godhai,GODHAI,3072
111383,Jangi,JANGI,3072
111386,Lem,LEM,3072
111388,Moktama,MOKTAMA,3072
111389,Paradih,PARADIH,3072
111391,Sikid,SIKID,3072
111392,Sima,SIMA,3072
111393,Tikar,TIKAR,3072
111395,Bariatu,BARIATU,3073
111396,Barisakhi,BARISAKHI,3073
111397,Dwari,DWARI,3073
111398,Gidhour,GIDHOUR,3073
111399,Manjhganwa,MANJHGANWA,3073
111400,Pahra,PAHRA,3073
111401,Auru,AURU,3074
111402,Baluri,BALURI,3074
111403,Chakla,CHAKLA,3074
111404,Daha,DAHA,3074
111405,Dantar,DANTAR,3074
111406,Dumri Kala,DUMRI KALA,3074
111407,Genjna,GENJNA,3074
111408,Gerua,GERUA,3074
111409,Gosaidih,GOSAIDIH,3074
111410,Jabra,JABRA,3074
111411,Joldiha,JOLDIHA,3074
111412,Jori Kala,JORI KALA,3074
111413,Karailibar,KARAILIBAR,3074
111414,Karma,KARMA,3074
111415,Kataiya,KATAIYA,3074
111416,Kedli Kala,KEDLI KALA,3074
111417,Khuntikewal Khurd,KHUNTIKEWAL KHURD,3074
111418,Kobna,KOBNA,3074
111419,Lenjwa,LENJWA,3074
111420,Meerpur,MEERPUR,3074
111421,Nawadih,NAWADIH,3074
111422,Nawadih Panari,NAWADIH PANARI,3074
111423,Paini Kala,PAINI KALA,3074
111424,Pandepura Khurd,PANDEPURA KHURD,3074
111425,Salaiya,SALAIYA,3074
111426,Tarwagada,TARWAGADA,3074
111427,Tilhet,TILHET,3074
111428,Uraili,URAILI,3074
111456,Hedum,HEDUM,3077
111457,Katia,KATIA,3077
111458,Kolkole Kala,KOLKOLE KALA,3077
111459,Lamta,LAMTA,3077
111460,Lawalong,LAWALONG,3077
111461,Mandhania,MANDHANIA,3077
111462,Rimi,RIMI,3077
111463,Sildag,SILDAG,3077
111464,Barwadih,BARWADIH,3078
111465,Meral,MERAL,3078
111466,Nawadih Damaul,NAWADIH DAMAUL,3078
111467,Nongaon,NONGAON,3078
111468,Singhani,SINGHANI,3078
111469,Babhane,BABHANE,3079
111470,Barura,BARURA,3079
111471,Bharhi,BHARHI,3079
111472,Chndrigovindpur,CHNDRIGOVINDPUR,3079
111473,Dumarwar,DUMARWAR,3079
111474,Eghara,EGHARA,3079
111475,Gajwa,GAJWA,3079
111476,Ghordaur,GHORDAUR,3079
111477,Ghorighat,GHORIGHAT,3079
111478,Humajang,HUMAJANG,3079
111479,Jogidih,JOGIDIH,3079
111480,Moneya,MONEYA,3079
111481,Pratappur,PRATAPPUR,3079
111482,Rampur,RAMPUR,3079
111483,Sidki,SIDKI,3079
111484,Sijua,SIJUA,3079
111485,Tandwa,TANDWA,3079
111486,Yogiyara,YOGIYARA,3079
111487,Bagra,BAGRA,3080
111488,Banasadi,BANASADI,3080
111489,Banhe,BANHE,3080
111490,Chope,CHOPE,3080
111491,Dadi,DADI,3080
111492,Edla,EDLA,3080
111493,Hurnali,HURNALI,3080
111494,Ichak,ICHAK,3080
111495,Jabra,JABRA,3080
111496,Jangi,JANGI,3080
111497,Jirwa Khurd,JIRWA KHURD,3080
111498,Kasari,KASARI,3080
111499,Pagar,PAGAR,3080
111500,Piri,PIRI,3080
111501,Pundra,PUNDRA,3080
111502,Sabano,SABANO,3080
111503,Serendag,SERENDAG,3080
111506,Bahera,BAHERA,3081
111507,Bargaon,BARGAON,3081
111508,Benti,BENTI,3081
111514,Dahu,DAHU,3081
111515,Dhangada,DHANGADA,3081
111516,Gadilong,GADILONG,3081
111517,Kabra,KABRA,3081
111518,Kalyanpur,KALYANPUR,3081
111519,Kichto,KICHTO,3081
111520,Koyad,KOYAD,3081
111521,Mishraul,MISHRAUL,3081
111522,Nawadih Alias Teliadih,NAWADIH  ALIAS TELIADIH,3081
111523,Padumpur,PADUMPUR,3081
111524,Pokla Alias Kasiadih,POKLA ALIAS KASIADIH,3081
111525,Raham,RAHAM,3081
111526,Saradhu,SARADHU,3081
111527,Tandwa,TANDWA,3081
111370,Bakchuma,BAKCHUMA,6690
111372,Bengo Kala,BENGO KALA,6690
111374,Charu,CHARU,6690
111375,Chiridiri,CHIRIDIRI,6690
111382,Jamri Bakaspura,JAMRI BAKASPURA,6690
111384,Kaindinagar,KAINDINAGAR,6690
111385,Kolhaiya,KOLHAIYA,6690
111387,Madgada,MADGADA,6690
111390,Rajpur,RAJPUR,6690
111394,Tulbul,TULBUL,6690
111528,Andharigadhar,ANDHARIGADHAR,3082
111529,Baswaria,BASWARIA,3082
111530,Chandih,CHANDIH,3082
111531,Dharwadih,DHARWADIH,3082
111532,Gauripur,GAURIPUR,3082
111533,Gidhani,GIDHANI,3082
111534,Gwalbadia,GWALBADIA,3082
111535,Jhhiliuachandih,JHHILIUACHANDIH,3082
111536,Kenmankathi,KENMANKATHI,3082
111537,Khaspaika,KHASPAIKA,3082
111538,Khoripanan,KHORIPANAN,3082
111539,Konkribank,KONKRIBANK,3082
111540,Mahtodihudaypura,MAHTODIHUDAYPURA,3082
111541,Manikpur,MANIKPUR,3082
111542,Masanjora,MASANJORA,3082
111543,Nawadih,NAWADIH,3082
111544,Picharibad,PICHARIBAD,3082
111545,Punasi,PUNASI,3082
111546,Sangramlorhiya,SANGRAMLORHIYA,3082
111547,Saratkhorposh,SARATKHORPOSH,3082
111548,Sarsa,SARSA,3082
111549,Shankri,SHANKRI,3082
111550,Tabhaghat,TABHAGHAT,3082
111551,Amdiha,AMDIHA,3083
111552,Baghmari,BAGHMARI,3083
111553,Barwan,BARWAN,3083
111554,Bhojpur,BHOJPUR,3083
111555,Daranga,DARANGA,3083
111556,Dhobana,DHOBANA,3083
111557,Fulkari,FULKARI,3083
111558,Husainabad,HUSAINABAD,3083
111559,Jhhumarbad,JHHUMARBAD,3083
111560,Jhhundi,JHHUNDI,3083
111561,Jitjorit,JITJORIT,3083
111562,Kasathi,KASATHI,3083
111563,Mahuatand,MAHUATAND,3083
111564,Manpur,MANPUR,3083
111565,Rajpura,RAJPURA,3083
111566,Ramudih,RAMUDIH,3083
111567,Tatkiyo Nawadih,TATKIYO NAWADIH,3083
111568,Badhanadih,BADHANADIH,3084
111569,Badiya,BADIYA,3084
111570,Bara,BARA,3084
111571,Birangadia,BIRANGADIA,3084
111573,Dindakoli,DINDAKOLI,3084
111574,Ganjewari,GANJEWARI,3084
111576,Karown,KAROWN,3084
111577,Kasaiya,KASAIYA,3084
111583,Nagadari,NAGADARI,3084
111585,Pathrol,PATHROL,3084
111588,Ranidih,RANIDIH,3084
111589,Saltar,SALTAR,3084
111590,Sirsa,SIRSA,3084
111591,Tekra,TEKRA,3084
111594,Baranarayanpur,BARANARAYANPUR,3085
111595,Berwa,BERWA,3085
111596,Burhai,BURHAI,3085
111597,Charpa,CHARPA,3085
111598,Dalha,DALHA,3085
111599,Darwe,DARWE,3085
111600,Dhamani,DHAMANI,3085
111601,Gariya,GARIYA,3085
111602,Ghagharjori,GHAGHARJORI,3085
111603,Gonaiya,GONAIYA,3085
111604,Govindpur,GOVINDPUR,3085
111605,Jamuni,JAMUNI,3085
111606,Jawagudi,JAWAGUDI,3085
111607,Misarna,MISARNA,3085
111608,Pasiya,PASIYA,3085
111609,Pathaljor,PATHALJOR,3085
111610,Patwabad,PATWABAD,3085
111611,Saptar,SAPTAR,3085
111612,Sikatya,SIKATYA,3085
111614,Suggapahari 2,SUGGAPAHARI 2,3085
111615,Udaypura,UDAYPURA,3085
111616,Baghmari Kitakharwa,BAGHMARI     KITAKHARWA,3086
111617,Balthar,BALTHAR,3086
111618,Bank,BANK,3086
111619,Banka,BANKA,3086
111620,Bara,BARA,3086
111621,Bhikhna,BHIKHNA,3086
111622,Bichgarha,BICHGARHA,3086
111623,Chakarama,CHAKARAMA,3086
111624,Dahijore,DAHIJORE,3086
248049,Deoghar,देवघर,3086
111625,Ghongha,GHONGHA,3086
111626,Ghutiabara Ashana,GHUTIABARA ASHANA,3086
111627,Harkatta,HARKATTA,3086
111628,Jamunia,JAMUNIA,3086
111629,Jhalar,JHALAR,3086
111630,Jharkhandi,JHARKHANDI,3086
111631,Katwan,KATWAN,3086
111633,Malhara,MALHARA,3086
111634,Medinidih,MEDINIDIH,3086
111635,Morne,MORNE,3086
111636,Nayachitkath,NAYACHITKATH,3086
111637,Postwari,POSTWARI,3086
111638,Raghunathpur,RAGHUNATHPUR,3086
111639,Rarhia,RARHIA,3086
111632,Sarasani,SARASANI,3086
111640,Suardehi,SUARDEHI,3086
111641,Tarabad,TARABAD,3086
111642,Thadiyara,THADIYARA,3086
111643,Tumbabel,TUMBABEL,3086
111644,Bagdaha,BAGDAHA,3087
111645,Bandhdih,BANDHDIH,3087
111646,Barjori,BARJORI,3087
111647,Basaha,BASAHA,3087
111648,Basbutia,BASBUTIA,3087
111649,Bhurkundi,BHURKUNDI,3087
111650,Birajpur,BIRAJPUR,3087
111651,Dhawa,DHAWA,3087
111652,Dudhani,DUDHANI,3087
111653,Jamua,JAMUA,3087
111654,Jivnabandh,Jivnabandh,3087
111655,Kachuwasoli,KACHUWASOLI,3087
111656,Kanki,KANKI,3087
111657,Kasraydih,KASRAYDIH,3087
111658,Khaga,KHAGA,3087
111659,Kunjbona,KUNJBONA,3087
111660,Kunjora,KUNJORA,3087
111661,Mahuadabar,MAHUADABAR,3087
111662,Matiyara,MATIYARA,3087
111663,Paharudih,PAHARUDIH,3087
111664,Palojori,PALOJORI,3087
111665,Patharghatia,PATHARGHATIA,3087
111666,Raghuwadih,RAGHUWADIH,3087
111667,Sagarajore,SAGARAJORE,3087
111668,Simalgarha,Simalgarha,3087
111669,Aluwara,ALUWARA,3088
111670,Arajori,ARAJORI,3088
111671,Asanbani,ASANBANI,3088
111675,Babhangama,BABHANGAMA,3088
111672,Bagdabra,BAGDABRA,3088
111673,Barbad,BARBAD,3088
111674,Basahatand,BASAHATAND,3088
111676,Bochbandh,BOCHBANDH,3088
111677,Chitra,CHITRA,3088
111678,Dindakoli,DINDAKOLI,3088
111679,Dumdumi,DUMDUMI,3088
111680,Fulchua,FULCHUA,3088
111681,Jamuasol,JAMUASOL,3088
111682,Jhiluwa,JHILUWA,3088
111683,Kairabank,KAIRABANK,3088
111684,Kechuwabank,KECHUWABANK,3088
111685,Kukraha,KUKRAHA,3088
111686,Lagwan,LAGWAN,3088
111687,Manjhladih,MANJHLADIH,3088
111688,Nawada,NAWADA,3088
111689,Palma,PALMA,3088
111690,Pathradda,PATHRADDA,3088
111691,Sabaijore,SABAIJORE,3088
111692,Sadharia,SADHARIA,3088
111693,Sarath,SARATH,3088
111694,Simla,SIMLA,3088
111695,Thadi,THADI,3088
111696,Baijukura,BAIJUKURA,3089
111697,Bandajori,BANDAJORI,3089
111698,Banwariya,BANWARIYA,3089
111699,Bhandaro,BHANDARO,3089
111703,Dahuwa,DAHUWA,3089
111704,Dakay,DAKAY,3089
111705,Dondia,DONDIA,3089
111709,Jiyakhara,JIYAKHARA,3089
111711,Kushmaha,KUSHMAHA,3089
111713,Lakhoriya,LAKHORIYA,3089
111716,Narangi,NARANGI,3089
111717,Pahariya,PAHARIYA,3089
111718,Rakti,RAKTI,3089
111719,Sarwan,SARWAN,3089
111700,Bhorajamua,BHORAJAMUA,6623
111701,Binjha,BINJHA,6623
111702,Brahmotara,BRAHMOTARA,6623
111706,Dondiya,DONDIYA,6623
111708,Jarka 1,JARKA 1,6623
111707,Jarka 2,JARKA 2,6623
111710,Khijuriya,KHIJURIYA,6623
111712,Kusumthar,KUSUMTHAR,6623
111714,Magdiha,MAGDIHA,6623
111715,Mahapur,MAHAPUR,6623
111720,Sonaraithadi,SONARAITHADI,6623
111721,Thadilapra,THADILAPRA,6623
111592,Baghmara,BAGHMARA,6624
111593,Bansimi,BANSIMI,6624
111572,Chetnari,CHETNARI,6624
111575,Kano,KANO,6624
111578,Laharjori,LAHARJORI,6624
111579,Mahjori,MAHJORI,6624
111580,Mahuatand,MAHUATAND,6624
111581,Margomunda,MARGOMUNDA,6624
111582,Murlipahari,MURLIPAHARI,6624
111584,Pandniya,PANDNIYA,6624
111586,Pipra,PIPRA,6624
111587,Rampur,RAMPUR,6624
111613,Suggapahari 1,SUGGAPAHARI 1,6624
111917,Alakendra,ALAKENDRA,7111
111919,Ankhdwara,ANKHDWARA,7111
111920,Asanliya,ASANLIYA,7111
111922,Banda East,BANDA EAST,7111
111923,Banda West,BANDA WEST,7111
111924,Bara Ambona,BARA AMBONA,7111
111926,Benagoria (Chi),BENAGORIA (CHI),7111
111930,Bhurkundabari,BHURKUNDABARI,7111
111935,Dhobari,DHOBARI,7111
111936,Dumaria,DUMARIA,7111
111943,Jamdehi,JAMDEHI,7111
111944,Jamkudar,JAMKUDAR,7111
111946,Kaliasol,KALIASOL,7111
111952,Ledaharia,LEDAHARIA,7111
111965,Patharkuan,PATHARKUAN,7111
111966,Patla Bari,PATLA BARI,7111
111967,Pindrahat,PINDRAHAT,7111
111971,Salukachpara,SALUKACHPARA,7111
111980,Susunliya,SUSUNLIYA,7111
111982,Urma,URMA,7111
111722,Bagdaha,BAGDAHA,3090
111723,Bagra,BAGRA,3090
111724,Bahiyardih,BAHIYARDIH,3090
111725,Bansjora,BANSJORA,3090
111726,Barora,BARORA,3090
111727,Behrakudar,BEHRAKUDAR,3090
111728,Bhimkanali,BHIMKANALI,3090
111729,Bowakala North,BOWAKALA NORTH,3090
111730,Bowakala South,BOWAKALA SOUTH,3090
111731,Chhatrutand,CHHATRUTAND,3090
245449,Chhotanagri,CHHOTANAGRI,3090
111732,Daludih,DALUDIH,3090
111733,Darida,DARIDA,3090
111734,Dharmabandh,DHARMABANDH,3090
111735,Dhawachita,DHAWACHITA,3090
111736,Dumra North,DUMRA NORTH,3090
111737,Dumra South,DUMRA SOUTH,3090
111738,Fularitand,FULARITAND,3090
111739,Gobindadih,GOBINDADIH,3090
111740,Harina,HARINA,3090
111741,Hathudih,HATHUDIH,3090
111742,Jamua,JAMUA,3090
111743,Jamuatand,JAMUATAND,3090
111744,Jhijhipahari,JHIJHIPAHARI,3090
111745,Kanchanpur,KANCHANPUR,3090
111746,Kandra,KANDRA,3090
111747,Kapuria,KAPURIA,3090
111748,Keshargarah,KESHARGARAH,3090
111749,Khanudih,KHANUDIH,3090
111750,Kharkhari,KHARKHARI,3090
111751,Kumarjori,KUMARJORI,3090
111752,Lohopitti,LOHOPITTI,3090
111753,Lutipahari,LUTIPAHARI,3090
111754,Madhuban,MADHUBAN,3090
111756,Maheshpur 1,MAHESHPUR 1,3090
111755,Maheshpur 2,MAHESHPUR 2,3090
111757,Mahuda,MAHUDA,3090
111758,Malkera North,MALKERA NORTH,3090
111759,Malkera South,MALKERA SOUTH,3090
111760,Mandra,MANDRA,3090
111761,Matigarah,MATIGARAH,3090
111762,Mohlidih,MOHLIDIH,3090
111763,Muraidhi,MURAIDHI,3090
111764,Nadkhurki,NADKHURKI,3090
111766,Nagrikala North,NAGRIKALA NORTH,3090
111765,Nagrikala South,NAGRIKALA SOUTH,3090
111767,Nichitpur-1,NICHITPUR-1,3090
111768,Nichitpur-2,NICHITPUR-2,3090
111769,Padugora,PADUGORA,3090
111770,Pathargaria,PATHARGARIA,3090
111771,Phatamahul,PHATAMAHUL,3090
111772,Raghunathpur,RAGHUNATHPUR,3090
111773,Rajganj,RAJGANJ,3090
111774,Ranguni,RANGUNI,3090
111775,Singrah,SINGRAH,3090
111776,Sinidih,SINIDIH,3090
111777,Targa,TARGA,3090
111778,Telmocho,TELMOCHO,3090
111779,Tetulia-1,TETULIA-1,3090
111780,Tetulia-2,TETULIA-2,3090
111781,Tundu,TUNDU,3090
111782,Alakhdiha,ALAKHDIHA,3091
111783,Amjhar,AMJHAR,3091
111784,Amtal,AMTAL,3091
111785,Baghmara,BAGHMARA,3091
111786,Baliapur East,BALIAPUR EAST,3091
111787,Baliapur West,BALIAPUR WEST,3091
111788,Baradaha,BARADAHA,3091
111789,Bhikhrajpur,BHIKHRAJPUR,3091
111790,Birsinghpur,BIRSINGHPUR,3091
111791,Chandkuiya,CHANDKUIYA,3091
245453,Chhatatand,CHHATATAND,3091
111792,Dolawar,DOLAWAR,3091
111793,Dudhiya,DUDHIYA,3091
111794,Gharbar,GHARBAR,3091
111795,Jagdish,JAGDISH,3091
111796,Karmatand,KARMATAND,3091
111797,Kusmatand,KUSMATAND,3091
111798,Mukunda,MUKUNDA,3091
111799,Palani,PALANI,3091
245452,Parasbania,PARASBANIA,3091
111800,Pradhankhanta,PRADHANKHANTA,3091
111801,Sindurpur,SINDURPUR,3091
111802,Surunga,SURUNGA,3091
111803,Aralgaria,ARALGARIA,3092
111804,Bardubhi,BARDUBHI,3092
111805,Damodarpur,DAMODARPUR,3092
111806,Dhokhra,DHOKHRA,3092
111807,Dubrajdih,DUBRAJDIH,3092
111808,Gopinathdih,GOPINATHDIH,3092
245450,Navadih,NAVADIH,3092
111809,Pandarkanali,PANDARKANALI,3092
111810,Panderkanali South,PANDERKANALI SOUTH,3092
245451,Petia,PETIA,3092
111811,Samshikhara,SAMSHIKHARA,3092
111812,Siyalgudri,SIYALGUDRI,3092
111813,Amarpur,AMARPUR,3093
111814,Asanbani 1,ASANBANI 1,3093
111815,Asanbani 2,ASANBANI 2,3093
111816,Bagsuma,BAGSUMA,3093
111817,Bara Nawatand,BARA NAWATAND,3093
111818,Bara Pichari,BARA PICHARI,3093
111819,Bariyo,BARIYO,3093
111820,Barwa East,BARWA EAST,3093
111821,Bhitiya,BHITIYA,3093
111822,Birajpur,BIRAJPUR,3093
111823,Damkara Barwa,DAMKARA BARWA,3093
111824,Dewli,DEWLI,3093
111825,Gortopa,GORTOPA,3093
111826,Govindpur East,GOVINDPUR EAST,3093
111827,Govindpur West,GOVINDPUR WEST,3093
111828,Jamdiha,JAMDIHA,3093
111829,Jangalpur,JANGALPUR,3093
111830,Jaynagar,JAYNAGAR,3093
111831,Jialgora,JIALGORA,3093
111832,Kaladabur,KALADABUR,3093
111833,Kanchanpur,KANCHANPUR,3093
111834,Karmatand,KARMATAND,3093
111835,Kharani,KHARANI,3093
111836,Kualbera,KUALBERA,3093
111837,Mahubani 1,MAHUBANI 1,3093
111838,Mahubani 2,MAHUBANI 2,3093
111839,Maricho,MARICHO,3093
111840,Matiyala,MATIYALA,3093
111841,Moranga,MORANGA,3093
111842,Murgabani,MURGABANI,3093
111843,Nagar Kiyari,NAGAR KIYARI,3093
111844,Panduki,PANDUKI,3093
111845,Parasi,PARASI,3093
111846,Pathuria,PATHURIA,3093
111847,Ratanpur,RATANPUR,3093
111848,Sahraj,SAHRAJ,3093
111849,Tilaiya,TILAIYA,3093
111850,Tilawani,TILAWANI,3093
111851,Udaypur,UDAYPUR,3093
111921,Baijna,BAIJNA,3095
111925,Belkupa,BELKUPA,3095
111927,Benagoriya (Ni),BENAGORIYA (NI),3095
111928,Bhagabandh,BHAGABANDH,3095
111929,Bhamal,BHAMAL,3095
111931,Birsingpur,BIRSINGPUR,3095
111934,Dewiyana,DEWIYANA,3095
111939,Ghaghra,GHAGHRA,3095
111942,Hariyajam,HARIYAJAM,3095
111951,Khushari,KHUSHARI,3095
111953,Madandih,MADANDIH,3095
111954,Madanpur,MADANPUR,3095
111955,Marma,MARMA,3095
111957,Nirsa Middle,NIRSA MIDDLE,3095
111958,Nirsa North,NIRSA NORTH,3095
111959,Nirsa South,NIRSA SOUTH,3095
111960,Palarpur,PALARPUR,3095
111962,Pandra East,PANDRA EAST,3095
111963,Pandra West,PANDRA WEST,3095
111968,Pithakiyari,PITHAKIYARI,3095
111969,Ramkanali,RAMKANALI,3095
111970,Rangamatiya,RANGAMATIYA,3095
111972,Sashanbaria,SASHANBARIA,3095
111973,Shyampur,SHYAMPUR,3095
111974,Sijua,SIJUA,3095
111979,Sonbad,SONBAD,3095
111981,Upchuriya,UPCHURIYA,3095
111983,Bhuiya Chitro,BHUIYA CHITRO,3096
111984,Bishanpur,BISHANPUR,3096
111985,Brahamandiha,BRAHAMANDIHA,3096
111986,Chaita,CHAITA,3096
111987,Chitarpur,CHITARPUR,3096
111988,Dhangi,DHANGI,3096
111989,Dumdumi,DUMDUMI,3096
111990,Gendanawadih,GENDANAWADIH,3096
111991,Ghunghasa,GHUNGHASA,3096
111992,Gomo North,GOMO NORTH,3096
111993,Gomo South,GOMO SOUTH,3096
111994,Hariharpur,HARIHARPUR,3096
111995,Jeetpur,JEETPUR,3096
111996,Khariyo,KHARIYO,3096
111997,Khesmi,KHESMI,3096
111998,Korkota,KORKOTA,3096
111999,Ledatand,LEDATAND,3096
112000,Lokbad,LOKBAD,3096
112001,Madaidih,MADAIDIH,3096
112002,Matari,MATARI,3096
112003,Nero,NERO,3096
112004,Pawapur,PAWAPUR,3096
112005,Pradhankhanta,PRADHANKHANTA,3096
112006,Ramakunda,RAMAKUNDA,3096
112007,Singhdaha,SINGHDAHA,3096
112008,Sirampur,SIRAMPUR,3096
112009,Tantri,TANTRI,3096
112010,Topchanchi,TOPCHANCHI,3096
112011,Barwatand,BARWATAND,3097
112012,Begnariya,BEGNARIYA,3097
112014,Jatakhuti,JATAKHUTI,3097
112015,Jeetpur,JEETPUR,3097
112016,Kadaiya,KADAIYA,3097
112017,Kamardih,KAMARDIH,3097
112018,Katnia,KATNIA,3097
112019,Kolhar,KOLHAR,3097
112020,Lachuraydih,LACHURAYDIH,3097
112022,Lukaia,LUKAIA,3097
112023,Machiyara,MACHIYARA,3097
112025,Maniyadih,MANIYADIH,3097
112027,Phatehpur,PHATEHPUR,3097
112028,Purnadih,PURNADIH,3097
112030,Rajabhitha,RAJABHITHA,3097
112032,Ratanpur,RATANPUR,3097
112034,Tundi,TUNDI,3097
112013,Chururiya,CHURURIYA,6642
112021,Latani,LATANI,6642
112024,Mairanawatand,MAIRANAWATAND,6642
112026,Mohlidih,MOHLIDIH,6642
277569,Pandrabejra,Pandrabejra,6642
112029,Raghunathpur,RAGHUNATHPUR,6642
112031,Rampur,RAMPUR,6642
112033,Rupan,RUPAN,6642
112035,Ukma,UKMA,6642
111915,Agarkund North,AGARKUND NORTH,7112
111916,Agarkund South,AGARKUND SOUTH,7112
111918,Amkura,AMKURA,7112
111932,Bridabanpur,BRIDABANPUR,7112
111933,Chanch,CHANCH,7112
111937,Dumarkunda North,DUMARKUNDA NORTH,7112
111938,Dumarkunda South,DUMARKUNDA SOUTH,7112
111940,Gopalpur,GOPALPUR,7112
111941,Gopinathpur,GOPINATHPUR,7112
111945,Jograt,JOGRAT,7112
111947,Kalimati,KALIMATI,7112
111948,Kalipahari East,KALIPAHARI EAST,7112
111949,Kalipahari North,KALIPAHARI NORTH,7112
111950,Kalipahari South,KALIPAHARI SOUTH,7112
111956,Merha,MERHA,7112
111961,Panchmohali,PANCHMOHALI,7112
111975,Siwalibari East,SIWALIBARI EAST,7112
111976,Siwalibari Middle,SIWALIBARI MIDDLE,7112
111977,Siwalibari North,SIWALIBARI NORTH,7112
111978,Siwalibari South,SIWALIBARI SOUTH,7112
112036,Asansol,ASANSOL,3098
112037,Bandarjori,BANDARJORI,3098
112038,Bartalli,BARTALLI,3098
112039,Behrabank,BEHRABANK,3098
112040,Bhurkunda,BHURKUNDA,3098
112041,Darwarpur,DARWARPUR,3098
112042,Dudhani,DUDHANI,3098
112043,Gadikoria,GADIKORIA,3098
112044,Ghasipur,GHASIPUR,3098
112045,Ghatrasikpur,GHATRASIKPUR,3098
112046,Golpur,GOLPUR,3098
112047,Haripur,HARIPUR,3098
112048,Kairabani,KAIRABANI,3098
112049,Karhalbil,KARHALBIL,3098
112050,Kesiabahal,KESIABAHAL,3098
112051,Kuruwa,KURUWA,3098
112052,Lakhikundi,LAKHIKUNDI,3098
112053,Malbhandaro,MALBHANDARO,3098
112054,Murbhanga,MURBHANGA,3098
112055,Parsimla,PARSIMLA,3098
112056,Purana Dumka,PURANA DUMKA,3098
112057,Rajbandh,RAJBANDH,3098
112058,Rampur,RAMPUR,3098
112059,Ranibahal,RANIBAHAL,3098
112060,Sarua,SARUA,3098
112061,Gopikander,GOPIKANDER,3099
112062,Kharauni Bazar,KHARAUNI BAZAR,3099
112063,Kushchira,KUSHCHIRA,3099
112064,Musna,MUSNA,3099
112065,Ormo,ORMO,3099
112066,Surajdih,SURAJDIH,3099
112067,Tainjore,TAINJORE,3099
112068,Asanjor,ASANJOR,3100
112069,Asansol Kurua,ASANSOL KURUA,3100
112070,Bara,BARA,3100
112071,Batnia,BATNIA,3100
112072,Bedia,BEDIA,3100
112073,Bharaibpur,BHARAIBPUR,3100
112074,Bhutokoria,BHUTOKORIA,3100
112075,Chhelapathar,CHHELAPATHAR,3100
112076,Chigalpahari,CHIGALPAHARI,3100
112077,Chiknia,CHIKNIA,3100
112078,Dhodli,DHODLI,3100
112079,Khatangi,KHATANGI,3100
112080,Lagla,LAGLA,3100
112081,Mohulbana,MOHULBANA,3100
112082,Nachangaria,NACHANGARIA,3100
112083,Nawadih,NAWADIH,3100
112084,Palasi,PALASI,3100
112085,Sarsabad,SARSABAD,3100
112086,Siktia,SIKTIA,3100
112087,Simra,SIMRA,3100
112088,Tapsi,TAPSI,3100
112089,Tengdhowa,TENGDHOWA,3100
112090,Thanpur,THANPUR,3100
112091,Banwara,BANWARA,3101
112092,Barmasa,BARMASA,3101
112093,Barmasia,BARMASIA,3101
112094,Bhalki,BHALKI,3101
112095,Bohrabad,BOHRABAD,3101
112096,Chamarabahiyar,CHAMARABAHIYAR,3101
112097,Chorkheda,CHORKHEDA,3101
112098,Garda Amarkunda,GARDA AMARKUNDA,3101
112099,Haripur Bazar,HARIPUR BAZAR,3101
112100,Hathnama,HATHNAMA,3101
112101,Jhanakpur,JHANAKPUR,3101
112102,Jonka,JONKA,3101
112103,Kala Dumaria,KALA DUMARIA,3101
112104,Kharbila,KHARBILA,3101
112105,Kushmaha,KUSHMAHA,3101
112106,Kusmaha Chiknia,KUSMAHA CHIKNIA,3101
112107,Nonihat,NONIHAT,3101
112108,Pahridih,PAHRIDIH,3101
112109,Petsar,PETSAR,3101
112110,Putlidabar,PUTLIDABAR,3101
112111,Raikinari,RAIKINARI,3101
112112,Rajasimaria,RAJASIMARIA,3101
112113,Sahara,SAHARA,3101
112114,Shankarpur,SHANKARPUR,3101
112115,Singhni,SINGHNI,3101
112116,Tetria,TETRIA,3101
112117,Thekcha Ghongha,THEKCHA GHONGHA,3101
112118,Asanpahari,ASANPAHARI,3102
112119,Astajora,ASTAJORA,3102
112120,Bara Chapuria,BARA CHAPURIA,3102
112121,Bartalla,BARTALLA,3102
112122,Bichhia Pahari,BICHHIA PAHARI,3102
112124,Dhawadangal,DHAWADANGAL,3102
112125,Jhikra,JHIKRA,3102
112126,Kadma,KADMA,3102
112127,Kalajhar,KALAJHAR,3102
112123,Pandan Pahari,PANDAN PAHARI,3102
112128,Pipra,PIPRA,3102
112129,Teliachak Bajar,TELIACHAK BAJAR,3102
112130,Amgachhi,AMGACHHI,3103
112131,Baliajore,BALIAJORE,3103
112132,Baradumaria,BARADUMARIA,3103
112133,Baskidih,BASKIDIH,3103
112134,Dalahi,DALAHI,3103
112135,Dhobna Haribahal,DHOBNA HARIBAHAL,3103
112136,Golbandha,GOLBANDHA,3103
112137,Gumro,GUMRO,3103
112138,Haroraidih,HARORAIDIH,3103
112139,Hathiapathar,HATHIAPATHAR,3103
112140,Kathalia,KATHALIA,3103
112141,Khutojori,KHUTOJORI,3103
112142,Kolarkenda,KOLARKENDA,3103
112143,Kunjbona,KUNJBONA,3103
112144,Kusumghatta,KUSUMGHATTA,3103
112145,Masanjore,MASANJORE,3103
112146,Nayadih,NAYADIH,3103
112147,Ranga,RANGA,3103
112148,Ranighaghar,RANIGHAGHAR,3103
112149,Sanpchala,SANPCHALA,3103
112150,Sugapahari,SUGAPAHARI,3103
112151,Amarpur,AMARPUR,3104
112152,Amrapahari,AMRAPAHARI,3104
112153,Bandarjora,BANDARJORA,3104
112154,Bari Ranbahiyar,BARI RANBAHIYAR,3104
112155,Barmasia,BARMASIA,3104
112156,Bhalsumar,BHALSUMAR,3104
112157,Bhaturia A,BHATURIA A,3104
112158,Bhaturia B,BHATURIA B,3104
112159,Boria,BORIA,3104
112160,Chhoti Ranbahiyar,CHHOTI RANBAHIYAR,3104
112161,Danro,DANRO,3104
112162,Dhowa,DHOWA,3104
112163,Gangwara,GANGWARA,3104
112164,Kanjo,KANJO,3104
112165,Kanjwe,KANJWE,3104
112166,Karudih,KARUDIH,3104
112167,Kowaam,KOWAAM,3104
112168,Lakhanpur,LAKHANPUR,3104
112169,Latberwa,LATBERWA,3104
112170,Mahubana,MAHUBANA,3104
112171,Nokheta,NOKHETA,3104
112172,Paharpur,PAHARPUR,3104
112173,Patharia,PATHARIA,3104
112174,Siltha,SILTHA,3104
112175,Siltha B,SILTHA B,3104
112176,Susnia,SUSNIA,3104
112177,Tharihat,THARIHAT,3104
112178,Asanbani,ASANBANI,3105
112179,Banskuli,BANSKULI,3105
112180,Bilkandi,BILKANDI,3105
112181,Brindabani,BRINDABANI,3105
112182,Dakshinjol,DAKSHINJOL,3105
112183,Dhanbasa,DHANBASA,3105
112184,Gobindpur,GOBINDPUR,3105
112185,Haripur,HARIPUR,3105
112186,Kumirdaha,KUMIRDAHA,3105
112187,Mahubana,MAHUBANA,3105
112188,Pathra,PATHRA,3105
112189,Patjor,PATJOR,3105
112190,Rangalia,RANGALIA,3105
112191,Sadipur,SADIPUR,3105
112192,Saltola,SALTOLA,3105
112193,Sukhjora,SUKHJORA,3105
112194,Taldangal,TALDANGAL,3105
112195,Bamankheta,BAMANKHETA,3106
112196,Baniyara,BANIYARA,3106
112197,Barhet,BARHET,3106
112198,Barmania,BARMANIA,3106
112199,Chandubathan,CHANDUBATHAN,3106
112200,Charkapathar,CHARKAPATHAR,3106
112201,Dhanwe,DHANWE,3106
112202,Dhauni,DHAUNI,3106
112203,Digghi,DIGGHI,3106
112204,Gadijhopa,GADIJHOPA,3106
112205,Hansdiha,HANSDIHA,3106
112206,Kakni,KAKNI,3106
112207,Karnpura,KARNPURA,3106
112208,Kendua,KENDUA,3106
112209,Kordaha,KORDAHA,3106
112210,Kushiyari,KUSHIYARI,3106
112211,Lakarbank,LAKARBANK,3106
112212,Mandaldih,MANDALDIH,3106
112213,Mathakeso,MATHAKESO,3106
112214,Matihani,MATIHANI,3106
112215,Nawadih,NAWADIH,3106
112216,Pathra,PATHRA,3106
112217,Raksa,RAKSA,3106
112218,Saljora Bandri,SALJORA BANDRI,3106
112219,Saraiya,SARAIYA,3106
112220,Bankijore,BANKIJORE,3107
112221,Banspahari,BANSPAHARI,3107
112222,Barmasia,BARMASIA,3107
112223,Chitrgaria,CHITRGARIA,3107
112224,Dhaka,DHAKA,3107
112225,Gandrakpur,GANDRAKPUR,3107
112226,Hirapur,HIRAPUR,3107
112227,Jamugaria,JAMUGARIA,3107
112228,Jhunki,JHUNKI,3107
112229,Kharukadma,KHARUKADMA,3107
112230,Kushpahari,KUSHPAHARI,3107
112231,Maluti,MALUTI,3107
112232,Mohulpahari,MOHULPAHARI,3107
112233,Murayam,MURAYAM,3107
112234,Palasi,PALASI,3107
112235,Pindargaria,PINDARGARIA,3107
112236,Saharpur,SAHARPUR,3107
112237,Sarasdangal,SARASDANGAL,3107
112238,Shikaripara,SHIKARIPARA,3107
112239,Shimanijore,SHIMANIJORE,3107
112240,Shivtalla,SHIVTALLA,3107
112241,Sonadhab,SONADHAB,3107
112243,Bahuliya,BAHULIYA,3108
112245,Bankata,BANKATA,3108
112247,Baragariya,BARAGARIYA,3108
112248,Bhutiya,BHUTIYA,3108
112249,Brahmankundi,BRAHMANKUNDI,3108
112250,Chingra,CHINGRA,3108
112251,Chota Paruliya,CHOTA PARULIYA,3108
112252,Domjuri,DOMJURI,3108
112253,Gamariya,GAMARIYA,3108
112254,Gopalpur,GOPALPUR,3108
112255,Guhiyapal,GUHIYAPAL,3108
112256,Kesharda,KESHARDA,3108
112257,Khandamouda,KHANDAMOUDA,3108
112258,Kheduwa,KHEDUWA,3108
112259,Kumardubi,KUMARDUBI,3108
112260,Manushmuriya,MANUSHMURIYA,3108
112261,Matihana,MATIHANA,3108
112262,Mouda,MOUDA,3108
112264,Muturkham,MUTURKHAM,3108
112265,Pathra,PATHRA,3108
112266,Pathri,PATHRI,3108
112267,Patpur,PATPUR,3108
112268,Purnapani,PURNAPANI,3108
112269,Rajlabandh,RAJLABANDH,3108
112270,Saakra,SAAKRA,3108
112271,Sandra,SANDRA,3108
112272,Baramara,BARAMARA,3109
112273,Bardi Kanpur Kalapathar,BARDI KANPUR KALAPATHAR,3109
112274,Bend,BEND,3109
112275,Bhatkunda,BHATKUNDA,3109
112276,Birdoh,BIRDOH,3109
112277,Chaluniya,CHALUNIYA,3109
112278,Chandanpur,CHANDANPUR,3109
112279,Jamuwa,JAMUWA,3109
112280,Juggitopa,JUGGITOPA,3109
112281,Kalapathar,KALAPATHAR,3109
112282,Kaliyam,KALIYAM,3109
112283,Kuchiyasholi,KUCHIYASHOLI,3109
112284,Lodhasholi,LODHASHOLI,3109
112285,Malkundi,MALKUNDI,3109
112286,Matiyabandhi,MATIYABANDHI,3109
112287,Sardiha,SARDIHA,3109
112288,Shyamshundarpur,SHYAMSHUNDARPUR,3109
112289,Simdi,SIMDI,3109
112290,Sonahatu,SONAHATU,3109
112292,Chukripara,CHUKRIPARA,3110
112295,Juggishole,JUGGISHOLE,3110
112296,Junbani,JUNBANI,3110
112297,Kannas,KANNAS,3110
112298,Kokpara,KOKPARA,3110
112299,Kokpara Narsinghgarh,KOKPARA NARSINGHGARH,3110
112300,Mohlishole,MOHLISHOLE,3110
112301,Moudasholi,MOUDASHOLI,3110
112302,Nutangarh,NUTANGARH,3110
112303,Pawra Narsinghgarh,PAWRA NARSINGHGARH,3110
112304,Ravtara,RAVTARA,3110
112306,Ashtakowali,ASHTAKOWALI,3111
112307,Bankishole,BANKISHOLE,3111
112308,Barakanjiya,BARAKANJIYA,3111
112309,Dholabera,DHOLABERA,3111
112310,Kantashole,KANTASHOLE,3111
112311,Kenduwa,KENDUWA,3111
112312,Khairbani,KHAIRBANI,3111
112313,Kharida,KHARIDA,3111
112314,Kumrashole,KUMRASHOLE,3111
112315,Palashbani,PALASHBANI,3111
112316,Asna,ASNA,3112
112317,Baghuriya,BAGHURIYA,3112
112318,Bankati,BANKATI,3112
112319,Banki,BANKI,3112
112320,Barajuri,BARAJURI,3112
112321,Barakhursi,BARAKHURSI,3112
112322,Bhaduwa,BHADUWA,3112
112323,Dharambahal,DHARAMBAHAL,3112
112324,Ghatsila,GHATSILA,3112
112325,Gopalpur,GOPALPUR,3112
112326,Hendaljuri,HENDALJURI,3112
112327,Jhantijharna,JHANTIJHARNA,3112
112328,Jorisa,JORISA,3112
112329,Kalchiti,KALCHITI,3112
112330,Karaduba,KARADUBA,3112
112331,Kashida,KASHIDA,3112
112332,Mahuliya,MAHULIYA,3112
112333,Moubhandar(East),MOUBHANDAR(EAST),3112
112334,Moubhandar(North),MOUBHANDAR(NORTH),3112
112335,Moubhandar(West),MOUBHANDAR(WEST),3112
112336,Pawra,PAWRA,3112
112337,Ulda,ULDA,3112
112339,Bagbera Colony,BAGBERA COLONY,3113
112340,Bagbera(East),BAGBERA(EAST),3113
112341,Bagbera(Middle),BAGBERA(MIDDLE),3113
112342,Bagbera(North),BAGBERA(NORTH),3113
112343,Bagbera(North-East),BAGBERA(NORTH-EAST),3113
112344,Bagbera(South),BAGBERA(SOUTH),3113
112345,Bagbera(West),BAGBERA(WEST),3113
112338,Barabanki,BARABANKI,3113
112346,Bayangbil,BAYANGBIL,3113
112347,Beko,BEKO,3113
112348,Belajuri,BELAJURI,3113
112349,Chotagovindpur(East),CHOTAGOVINDPUR(EAST),3113
245386,Chotagovindpur(North),CHOTAGOVINDPUR(NORTH),3113
112350,Chotagovindpur(South),CHOTAGOVINDPUR(SOUTH),3113
112351,Chotagovindpur(South-Middle),CHOTAGOVINDPUR(SOUTH-MIDDLE),3113
112352,Chotagovindpur(West),CHOTAGOVINDPUR(WEST),3113
112353,Daldali,DALDALI,3113
112354,Deoghar,DEOGHAR,3113
112355,Gadhara(Middle),GADHARA(MIDDLE),3113
112356,Gadhara(North-East),GADHARA(NORTH-EAST),3113
112357,Gadhara(North-West),GADHARA(NORTH-WEST),3113
112358,Gadhara(South),GADHARA(SOUTH),3113
112359,Ghaghidih(East),GHAGHIDIH(EAST),3113
112360,Ghaghidih(Middle),GHAGHIDIH(MIDDLE),3113
112361,Ghaghidih(North),GHAGHIDIH(NORTH),3113
112362,Ghaghidih(South),GHAGHIDIH(SOUTH),3113
112363,Ghaghidih(West),GHAGHIDIH(WEST),3113
112364,Ghodabandha(East),GHODABANDHA(EAST),3113
112365,Ghodabandha(North),GHODABANDHA(NORTH),3113
112366,Ghodabandha(West),GHODABANDHA(WEST),3113
112367,Haludbani(East),HALUDBANI(EAST),3113
112368,Haludbani(Middle),HALUDBANI(MIDDLE),3113
112369,Haludbani(South),HALUDBANI(SOUTH),3113
112370,Haludbani(West),HALUDBANI(WEST),3113
112371,Hitku,HITKU,3113
112372,Hurlung,HURLUNG,3113
112373,Kalimati(East),KALIMATI(EAST),3113
112374,Kalimati(North),KALIMATI(NORTH),3113
112375,Kalimati(South),KALIMATI(SOUTH),3113
112376,Kalimati(West),KALIMATI(WEST),3113
112377,Karandih(North),KARANDIH(NORTH),3113
112378,Karandih(South),KARANDIH(SOUTH),3113
112379,Keruwadungri,KERUWADUNGRI,3113
112380,Khakdipara,KHAKDIPARA,3113
112381,Kitadih(East),KITADIH(EAST),3113
112382,Kitadih(North),KITADIH(NORTH),3113
112383,Kitadih(West),KITADIH(WEST),3113
112384,Luwabasa,LUWABASA,3113
112385,Palashbani,PALASHBANI,3113
112386,Pudihasa,PUDIHASA,3113
112387,Sarjamda(Middle),SARJAMDA(MIDDLE),3113
112388,Sarjamda(North),SARJAMDA(NORTH),3113
112389,Sarjamda(South),SARJAMDA(SOUTH),3113
112390,Susnigariya(North),SUSNIGARIYA(NORTH),3113
112391,Susnigariya(South),SUSNIGARIYA(SOUTH),3113
112392,Badiya(East),BADIYA(EAST),3114
112393,Badiya(North),BADIYA(NORTH),3114
112394,Badiya(South),BADIYA(SOUTH),3114
112395,Badiya(West),BADIYA(WEST),3114
112396,Benashole,BENASHOLE,3114
112397,Dhobni,DHOBNI,3114
112398,Forest Block,FOREST BLOCK,3114
112399,Gohla,GOHLA,3114
112400,Ichrra(North),ICHRRA(NORTH),3114
112401,Ichrra(South),ICHRRA(SOUTH),3114
112402,Kuilisuta,KUILISUTA,3114
112403,Matigora,MATIGORA,3114
112404,Meriya,MERIYA,3114
112405,Murgaghutu,MURGAGHUTU,3114
112406,Musabani(East),MUSABANI(EAST),3114
112407,Musabani(West),MUSABANI(WEST),3114
112408,Paruliya,PARULIYA,3114
112409,Surda,SURDA,3114
112410,Terenga,TERENGA,3114
112411,Bangurda,BANGURDA,3115
112437,Bankuchiya,BANKUCHIYA,3115
112414,Bidrra,BIDRRA,3115
112417,Deeghi,DEEGHI,3115
112418,Gobarghusi,GOBARGHUSI,3115
112420,Jorsa,JORSA,3115
112421,Kamalpur,KAMALPUR,3115
112422,Kashmar,KASHMAR,3115
112423,Kheduwa,KHEDUWA,3115
112425,Kumir,KUMIR,3115
112426,Lacchipur,LACCHIPUR,3115
112427,Lava,LAVA,3115
112430,Muhulbani,MUHULBANI,3115
112432,Orriya,ORRIYA,3115
112434,Patamda,PATAMDA,3115
112438,Asanbani,ASANBANI,3116
112440,Bhatin,BHATIN,3116
112441,Chakri,CHAKRI,3116
112442,Chandpur,CHANDPUR,3116
112443,Dhirol,DHIROL,3116
112444,Domjuri,DOMJURI,3116
112445,Gangadih,GANGADIH,3116
112446,Gwalkanta,GWALKANTA,3116
112448,Haldipokhar(East),HALDIPOKHAR(EAST),3116
112449,Haldipokhar(West),HALDIPOKHAR(WEST),3116
112450,Harina,HARINA,3116
112447,Hartopa,HARTOPA,3116
112451,Hathibinda,HATHIBINDA,3116
112452,Hensalamda,HENSALAMDA,3116
112453,Hensalbil,HENSALBIL,3116
112454,Hensda,HENSDA,3116
112439,Jamda,JAMDA,3116
112455,Janamdih,JANAMDIH,3116
112456,Juri,JURI,3116
112457,Kalikapur,KALIKAPUR,3116
112458,Kowali,KOWALI,3116
112459,Kuldiha,KULDIHA,3116
112460,Manpur,MANPUR,3116
112461,Matku,MATKU,3116
112462,Narda,NARDA,3116
112463,Poradiha,PORADIHA,3116
112464,Potka,POTKA,3116
112465,Rasunchopa,RASUNCHOPA,3116
112466,Sangram,SANGRAM,3116
112467,Shankarda,SHANKARDA,3116
112468,Sohda,SOHDA,3116
112469,Tangrain,TANGRAIN,3116
112470,Tentla,TENTLA,3116
112471,Tentlapora,TENTLAPORA,3116
112412,Beldih,BELDIH,6632
112413,Bhula,BHULA,6632
112415,Boram,BORAM,6632
112416,Bota,BOTA,6632
112419,Gourdih,GOURDIH,6632
112424,Kuiyani,KUIYANI,6632
112428,Laylam,LAYLAM,6632
112429,Madhawpur,MADHAWPUR,6632
112431,Mukrudih,MUKRUDIH,6632
112433,Paharpur,PAHARPUR,6632
112435,Pokhariya,POKHARIYA,6632
112436,Rasiknagar,RASIKNAGAR,6632
112242,Angarpara,ANGARPARA,6633
112244,Balijuri,BALIJURI,6633
112246,Banmakari,BANMAKARI,6633
112291,Bhalki,BHALKI,6633
112293,Forest Block,FOREST BLOCK,6633
112294,Gurabandha,GURABANDHA,6633
112263,Murakati,MURAKATI,6633
112305,Singhpura,SINGHPURA,6633
112473,Bhandaria,BHANDARIA,3117
112474,Bijka,BIJKA,3117
112475,Fakiradih,FAKIRADIH,3117
112476,Janewa,JANEWA,3117
112477,Karchali,KARCHALI,3117
112479,Madgari-K,MADGARI-K,3117
112482,Arsali (North),ARSALI (NORTH),3118
112483,Arsali (South),ARSALI (SOUTH),3118
112485,Bansani,BANSANI,3118
112486,Bhawnathpur,BHAWNATHPUR,3118
112487,Chapri,CHAPRI,3118
112490,Kailan,KAILAN,3118
112494,Makri,MAKRI,3118
112497,Pandaria,PANDARIA,3118
112500,Sinduria,SINDURIA,3118
112555,Baliyari,BALIYARI,3123
112556,Chatania,CHATANIA,3123
112488,Dumarsota,DUMARSOTA,3123
112557,Gara Khurd,GARA KHURD,3123
112558,Ghatahua Kalan,GHATAHUA KALAN,3123
112489,Hariharpur,HARIHARPUR,3123
112559,Kandi,KANDI,3123
112560,Kharaundha,KHARAUNDHA,3123
112561,Khutaheria,KHUTAHERIA,3123
112562,Lamari Kalan,LAMARI KALAN,3123
112493,Majhigawan,MAJHIGAWAN,3123
112563,Pataria,PATARIA,3123
112564,Patila,PATILA,3123
112565,Ranadih,RANADIH,3123
112566,Sarkoni,SARKONI,3123
112567,Shivpur,SHIVPUR,3123
112472,Bargarh,BARGARH,7366
112478,Madgari-Ch,MADGARI-CH,7366
112480,Paraswar,PARASWAR,7366
112481,Tehri,TEHRI,7366
112501,Barwadih,BARWADIH,3119
112502,Beta,BETA,3119
112503,Bilaiti Khair,BILAITI KHAIR,3119
112504,Chinia,CHINIA,3119
112505,Dol,DOL,3119
112506,Hetar Kalan,HETAR KALAN,3119
112507,Khuri,KHURI,3119
112508,Dandai,DANDAI,3120
112509,Jarhi,JARHI,3120
112510,Jhotar,JHOTAR,3120
112511,Karke,KARKE,3120
112512,Lawahi Kalan,LAWAHI KALAN,3120
112513,Pachaur,PACHAUR,3120
112514,Raro,RARO,3120
112515,Sonehara,SONEHARA,3120
112516,Tasrar,TASRAR,3120
112517,Amba Khoreya,AMBA KHOREYA,3121
112518,Bhandar,BHANDAR,3121
112520,Dhurki,DHURKI,3121
112521,Ganiyari Kalan,GANIYARI KALAN,3121
112524,Khala,KHALA,3121
112525,Khutia,KHUTIA,3121
112526,Raksi,RAKSI,3121
112529,Tatidiri,TATIDIRI,3121
112530,Achala,ACHALA,3122
112531,Belchampa,BELCHAMPA,3122
112533,Birbandha,BIRBANDHA,3122
112535,Chhatarpur,CHHATARPUR,3122
112536,Chiraunjiya,CHIRAUNJIYA,3122
112538,Dube Marhatia,DUBE MARHATIA,3122
112539,Farathia,FARATHIA,3122
112540,Jata,JATA,3122
112541,Kalyanpur,KALYANPUR,3122
112552,Karua Kalan,KARUA KALAN,3122
112542,Korwadih,KORWADIH,3122
112543,Madheya,MADHEYA,3122
112544,Mahulia,MAHULIA,3122
112545,Nawada,NAWADA,3122
112546,Obra,OBRA,3122
112547,Parihara,PARIHARA,3122
112548,Pipra,PIPRA,3122
112549,Pratappur,PRATAPPUR,3122
112550,Ranka,RANKA,3122
112551,Sangrahe Khurd,SANGRAHE KHURD,3122
112553,Tildag,TILDAG,3122
112554,Ursugi,URSUGI,3122
112568,Arangi,ARANGI,3124
112569,Chandani,CHANDANI,3124
112570,Kariwadih,KARIWADIH,3124
112571,Kharaundhi,KHARAUNDHI,3124
112572,Kupa,KUPA,3124
112573,Majhigawan (Amarora),MAJHIGAWAN (AMARORA),3124
112574,Raji,RAJI,3124
112575,Sisari,SISARI,3124
112576,Sundi,SUNDI,3124
112579,Bodra,BODRA,3125
112581,Karamdih,KARAMDIH,3125
112582,Kharsota,KHARSOTA,3125
112583,Morbe,MORBE,3125
112585,Purhe,PURHE,3125
112586,Rampur,RAMPUR,3125
112588,Sonpurwa,SONPURWA,3125
112591,Talasbaria,TALASBARIA,3125
112590,Tanrhe,TANRHE,3125
112592,Arangi,ARANGI,3126
112593,Bana,BANA,3126
112594,Biktam,BIKTAM,3126
112595,Chama,CHAMA,3126
112596,Checharia,CHECHARIA,3126
112597,Duldulwa,DULDULWA,3126
112598,Gerua,GERUA,3126
112599,Gonda,GONDA,3126
112600,Hasandag,HASANDAG,3126
112601,Karkoma,KARKOMA,3126
112602,Khoridih,KHORIDIH,3126
112603,Lowadag,LOWADAG,3126
112604,Meral(East),MERAL(East),3126
112605,Meral(West),MERAL(West),3126
112606,Okhargara East,OKHARGARA EAST,3126
112607,Okhargara West,OKHARGARA WEST,3126
112608,Padhua,PADHUA,3126
112609,Sangbaria,SANGBARIA,3126
112610,Tenar,TENAR,3126
112611,Tisartetuka,TISARTETUKA,3126
112613,Bhojpur,BHOJPUR,3127
112614,Bilaspur,BILASPUR,3127
112616,Chitbishram,CHITBISHRAM,3127
112617,Garbandh,GARBANDH,3127
112618,Haliwanta Kalan,HALIWANTA KALAN,3127
274817,Hulhulakhurd,Hulhulakhurd,3127
274816,Kadhwan,Kadhwan,3127
112620,Koljhiki,KOLJHIKI,3127
112621,Kumba Khurd,KUMBA KHURD,3127
112622,Kushdand,KUSHDAND,3127
274815,Nagar Untari Nagar Panchayat,नगर उन्तरी नगर पंचयात,3127
112624,Narhi,NARHI,3127
112626,Pipardih,PIPARDIH,3127
112628,Baligarh,BALIGARH,3128
112629,Birajpur,BIRAJPUR,3128
112630,Chete,CHETE,3128
112631,Harhe,HARHE,3128
112632,Raksi,RAKSI,3128
112633,Ramkanda,RAMKANDA,3128
112634,Udaypur,UDAYPUR,3128
112636,Bahiyar Kalan,BAHIYAR KALAN,3129
112637,Bahiyar Khurd,BAHIYAR KHURD,3129
112638,Bhagodih,BHAGODIH,3129
112640,Bulka,BULKA,3129
112641,Gamharia,GAMHARIA,3129
112642,Haradag Kalan,HARADAG KALAN,3129
112643,Karnpura,KARNPURA,3129
112644,Marwania,MARWANIA,3129
112647,Ramna,RAMNA,3129
112649,Silidag,SILIDAG,3129
112650,Tandwa,TANDWA,3129
112651,Bahahara,BAHAHARA,3130
112652,Bishrampur,BISHRAMPUR,3130
112653,Chutia,CHUTIA,3130
112654,Chutru,CHUTRU,3130
112655,Dudhwal,DUDHWAL,3130
112656,Kanchanpur,KANCHANPUR,3130
112657,Katra,KATRA,3130
112658,Khapro,KHAPRO,3130
112659,Khardiha,KHARDIHA,3130
112660,Manpur,MANPUR,3130
112661,Ranka Kalan,RANKA KALAN,3130
112662,Siroi Khurd,SIROI KHURD,3130
112663,Sondag,SONDAG,3130
112664,Tamge Kalan,TAMGE KALAN,3130
112484,Baligarh,BALIGARH,6627
112491,Ketar,KETAR,6627
112492,Lohargada,LOHARGADA,6627
112495,Mukundpur,MUKUNDPUR,6627
112496,Pachadumar,PACHADUMAR,6627
112498,Parsodih,PARSODIH,6627
112499,Parti Kushwani,PARTI KUSHWANI,6627
112532,Bhikhahi,BHIKHAHI,6628
112534,Chhapardaga,CHHAPARDAGA,6628
112537,Danda,DANDA,6628
112635,Amhar Khas,AMHAR KHAS,6629
112639,Bishunpura,BISHUNPURA,6629
112645,Patihari,PATIHARI,6629
112646,Pipri Kalan,PIPRI KALAN,6629
112648,Sarang,SARANG,6629
112577,Adar,ADAR,6630
112578,Bardiha,BARDIHA,6630
112580,Jatro Banjari,JATRO BANJARI,6630
112584,Obra,OBRA,6630
112587,Salga,SALGA,6630
112589,Sukhnadi,SUKHNADI,6630
112519,Birbal,BIRBAL,6631
112522,Ghaghari,GHAGHARI,6631
112523,Katahar Kalan,KATAHAR KALAN,6631
112527,Sagma,SAGMA,6631
112528,Sondiha,SONDIHA,6631
112665,Adwara,ADWARA,3131
112666,Alagdiha,ALAGDIHA,3131
112667,Atka Paschimi,ATKA PASCHIMI,3131
112668,Atka Purwi,ATKA PURWI,3131
112686,Aura,AURA,3131
112669,Bagodardih Paschimi Bhag,BAGODARDIH PASCHIMI BHAG,3131
112670,Bagodardih Purwi Bhag,BAGODARDIH PURWI BHAG,3131
112671,Beko Paschimi,BEKO PASCHIMI,3131
112672,Beko Purwi,BEKO PURWI,3131
112674,Chudharibandh,CHUDHARIBANDH,3131
112675,Dewradih,DEWRADIH,3131
112676,Dhargulli,DHARGULLI,3131
112677,Dondalo,DONDALO,3131
112678,Hesla,HESLA,3131
112679,Jarmune Paschimi,JARMUNE PASCHIMI,3131
112680,Jarmune Purwi,JARMUNE PURWI,3131
112681,Khaeko,KHAEKO,3131
112682,Kuddar,KUDDAR,3131
112683,Kusmarja,KUSMARJA,3131
112684,Mundaro,MUNDARO,3131
112687,Pokhariya,POKHARIYA,3131
112689,Tirla,TIRLA,3131
112690,Badkitand,BADKITAND,3132
112691,Badwara,BADWARA,3132
112692,Bengabad,BENGABAD,3132
112693,Bhalkudar,BHALKUDAR,3132
112694,Bhandaridih,BHANDARIDIH,3132
112695,Chapuadih,CHAPUADIH,3132
112697,Chatmadih,CHATMADIH,3132
112696,Chotkikhargdiha,CHOTKIKHARGDIHA,3132
112699,Genro,GENRO,3132
112700,Golgo,GOLGO,3132
112701,Harila,HARILA,3132
112702,Jaruadih,JARUADIH,3132
112703,Jhalakdiha,JHALAKDIHA,3132
112704,Karnpura,KARNPURA,3132
112705,Luppi,LUPPI,3132
112706,Madhawandih,MADHAWANDIH,3132
112707,Mahuar,MAHUAR,3132
112708,Manjori,MANJORI,3132
112709,Motileda,MOTILEDA,3132
112710,Ojhadih,OJHADIH,3132
112698,Phitkoriya,PHITKORIYA,3132
112711,Sonbad,SONBAD,3132
112712,Tarajori,TARAJORI,3132
112713,Taratand,TARATAND,3132
112714,Telonari,TELONARI,3132
112715,Arari,ARARI,3133
112716,Balgo,BALGO,3133
112717,Baliya,BALIYA,3133
112718,Bangarakala,BANGARAKALA,3133
112719,Baradih,BARADIH,3133
112720,Barahmasiya,BARAHMASIYA,3133
112721,Birni,BIRNI,3133
112722,Chongakhar,CHONGAKHAR,3133
112723,Dalango,DALANGO,3133
112724,Gadi,GADI,3133
112725,Jaridih,JARIDIH,3133
112726,Kapilo,KAPILO,3133
112727,Kendua,KENDUA,3133
112728,Keshodih,KESHODIH,3133
112729,Kharidih,KHARIDIH,3133
112730,Kharkhari,KHARKHARI,3133
112731,Khedwara,KHEDWARA,3133
112732,Kusumai,KUSUMAI,3133
112733,Makhmargo,MAKHMARGO,3133
112734,Manakdiha,MANAKDIHA,3133
112735,Manjhiladih,MANJHILADIH,3133
112736,Padariya,PADARIYA,3133
112737,Padarmaniya,PADARMANIYA,3133
112738,Pesham,PESHAM,3133
112739,Shakhabara,SHAKHABARA,3133
112740,Simarabdhab,SIMARABDHAB,3133
112741,Tetariya Salaidih,TETARIYA SALAIDIH,3133
112742,Tulsitand,TULSITAND,3133
112743,Asako,ASAKO,3134
112744,Bairiya,BAIRIYA,3134
112745,Bansdih,BANSDIH,3134
112746,Barawabad,BARAWABAD,3134
112747,Bedodih,BEDODIH,3134
112748,Bhelwaghati,BHELWAGHATI,3134
112749,Chahal,CHAHAL,3134
112750,Chataro,CHATARO,3134
112751,Chikanadih,CHIKANADIH,3134
112752,Dhengadih,DHENGADIH,3134
112753,Gadidigha,GADIDIGHA,3134
112754,Ghaskaridih,GHASKARIDIH,3134
112755,Ghonse,GHONSE,3134
112756,Guniyathar,GUNIYATHAR,3134
112758,Harala,HARALA,3134
112757,Hariyali,HARIYALI,3134
112759,Jamdiha,JAMDIHA,3134
112760,Jamukhukharo,JAMUKHUKHARO,3134
112761,Khatauri,KHATAURI,3134
112762,Kosodongodighi,KOSODONGODIGHI,3134
112763,Manikbad,MANIKBAD,3134
112764,Marudih,MARUDIH,3134
112765,Nekpura,NEKPURA,3134
112766,Parsatand,PARSATAND,3134
112767,Salaiadih Urph Khorodih,SALAIADIH URPH KHORODIH,3134
112768,Sikarudih,SIKARUDIH,3134
112769,Tilakdih,TILAKDIH,3134
112770,Ambatand,AMBATAND,3135
112771,Arkhango,ARKHANGO,3135
112772,Balhara,BALHARA,3135
112773,Bandhi,BANDHI,3135
112774,Barjo,BARJO,3135
112775,Bhulutand,BHULUTAND,3135
112776,Bodgo,BODGO,3135
112777,Chandrakho,CHANDRAKHO,3135
112778,Chatti,CHATTI,3135
112783,Dakshini Doranda,DAKSHINI DORANDA,3135
112779,Dhanaipura,DHANAIPURA,3135
277138,Dhanwar,धनवार,3135
112782,Dharampur,DHARAMPUR,3135
112785,Dumardiha,DUMARDIHA,3135
112786,Gadi,GADI,3135
112787,Galwati,GALWATI,3135
112788,Garjasaran,GARJASARAN,3135
112790,Giridih,GIRIDIH,3135
112789,Gorhand,GORHAND,3135
112791,Gundari,GUNDARI,3135
112792,Hemrodih,HEMRODIH,3135
112793,Jarisingha,JARISINGHA,3135
112794,Jeruadih,JERUADIH,3135
112795,Kailadhab,KAILADHAB,3135
112796,Kargali Khurd,KARGALI KHURD,3135
112797,Kendua,KENDUA,3135
112798,Lalbajar,LALBAJAR,3135
112799,Maheshmarwa,MAHESHMARWA,3135
112800,Makdiha,MAKDIHA,3135
112801,Nimadih,NIMADIH,3135
112802,Panchrukhi,PANCHRUKHI,3135
112804,Pandariya,PANDARIYA,3135
112803,Pandeydih,PANDEYDIH,3135
112805,Parsan,PARSAN,3135
112806,Sapamaran,SAPAMARAN,3135
112807,Siramdih,SIRAMDIH,3135
112808,Sirsay,SIRSAY,3135
112784,Uttari Doranda,UTTARI DORANDA,3135
112809,Amara,AMARA,3136
112810,Asur Bandh,ASUR BANDH,3136
112811,Atki,ATKI,3136
112814,Badki -Bergi,BADKI -BERGI,3136
112812,Balthariya,BALTHARIYA,3136
112813,Balutunda,BALUTUNDA,3136
112815,Behara Suiayadih,BEHARA SUIAYADIH,3136
112816,Bharkhar,BHARKHAR,3136
112819,Chachando,CHACHANDO,3136
112817,Chainpur,CHAINPUR,3136
112818,Chegado,CHEGADO,3136
112820,Chino,CHINO,3136
112821,Dumarchutiyo,DUMARCHUTIYO,3136
112822,Dumri,DUMRI,3136
112823,Isri Bazat Daxini,ISRI BAZAT DAXINI,3136
112824,Isri Bazat Uttari,ISRI BAZAT UTTARI,3136
112825,Jamtara,JAMTARA,3136
112826,Jaridih,JARIDIH,3136
112827,Jitkundi,JITKUNDI,3136
112828,Kalhawar,KALHAWAR,3136
112829,Khairatunda,KHAIRATUNDA,3136
112830,Khiudisar,KHIUDISAR,3136
112831,Kulgo Daxini,KULGO DAXINI,3136
112833,Laxamantunda,LAXAMANTUNDA,3136
112834,Lohedih,LOHEDIH,3136
112835,Madyagopali,MADYAGOPALI,3136
112837,Nagari,NAGARI,3136
112836,Nawabad,NAWABAD,3136
112838,Parsabeda,PARSABEDA,3136
112839,Poraiya,PORAIYA,3136
112840,Ranga Mati,RANGA MATI,3136
112841,Roshanatunda,ROSHANATUNDA,3136
112842,Sasarakho,SASARAKHO,3136
112843,Shankardih,SHANKARDIH,3136
112844,Tengra Khurd,TENGRA KHURD,3136
112845,Thakurchak,THAKURCHAK,3136
112846,Ahilyapur,AHILYAPUR,3137
112848,Badgunda,BADGUNDA,3137
112847,Badkitand,BADKITAND,3137
112849,Banki Kala,BANKI KALA,3137
112850,Barmasiya 1,BARMASIYA 1,3137
112851,Barmasiya 2,BARMASIYA 2,3137
112852,Budhudih,BUDHUDIH,3137
112853,Chambapur,CHAMBAPUR,3137
112854,Dasdih,DASDIH,3137
112855,Dokidih,DOKIDIH,3137
112859,Galkunda,GALKUNDA,3137
112860,Gandey,GANDEY,3137
112861,Ghatkula,GHATKULA,3137
112862,Jamjori,JAMJORI,3137
112863,Jharghatta,JHARGHATTA,3137
112864,Karribank,KARRIBANK,3137
112865,Kundelwadah,KUNDELWADAH,3137
112866,Mednisare,MEDNISARE,3137
112867,Pandaro,PANDARO,3137
112868,Parwatpur,PARWATPUR,3137
112856,Phulchi,PHULCHI,3137
112857,Phuljhariya,PHULJHARIYA,3137
112858,Phuljori,PHULJORI,3137
112869,Rasanjori,RASANJORI,3137
112870,Taratand,TARATAND,3137
112871,Udaypur,UDAYPUR,3137
112872,Amtaro,AMTARO,3138
112873,Badidih,BADIDIH,3138
112874,Birne,BIRNE,3138
112875,Gaddar,GADDAR,3138
112876,Gawan,GAWAN,3138
112877,Jamdar,JAMDAR,3138
112878,Kharsan,KHARSAN,3138
112879,Malda,MALDA,3138
112880,Manjhane,MANJHANE,3138
112881,Nagwan,NAGWAN,3138
112882,Nimadih,NIMADIH,3138
112883,Pasnaur,PASNAUR,3138
112884,Patna,PATNA,3138
112885,Pihara Pashchimi Bhag,PIHARA PASHCHIMI BHAG,3138
112886,Pihara Purwi Bhag,PIHARA PURWI BHAG,3138
112888,Sairuwa,SAIRUWA,3138
112887,Sankh,SANKH,3138
112889,Akdoni Kala,AKDONI KALA,3139
112890,Akdoni Khurd,AKDONI KHURD,3139
112891,Algunda,ALGUNDA,3139
112892,Badgunda Khurd,BADGUNDA KHURD,3139
112893,Bajto,BAJTO,3139
112894,Barahmoriya,BARAHMORIYA,3139
112896,Berdonga,BERDONGA,3139
112899,Chunjaka,CHUNJAKA,3139
112902,Gadi Srirampur,GADI SRIRAMPUR,3139
250349,Giridih Municipal Corporation,गिरिडीह,3139
112904,Jaspur,JASPUR,3139
112905,Jitpur,JITPUR,3139
112906,Karharbari,KARHARBARI,3139
112907,Khawa,KHAWA,3139
112908,Leda,LEDA,3139
112909,Maheshlundi,MAHESHLUNDI,3139
112910,Mangarodih,MANGARODIH,3139
112911,Matrukha,MATRUKHA,3139
112912,Mohanpur,MOHANPUR,3139
112913,Pahadpur,PAHADPUR,3139
112914,Palmo,PALMO,3139
112917,Parsatand,PARSATAND,3139
112918,Patrodih,PATRODIH,3139
112901,Phulchi,PHULCHI,3139
112919,Pindatand,PINDATAND,3139
112920,Purnanagar,PURNANAGAR,3139
112921,Senadoni,SENADONI,3139
112923,Sikdardih,SIKDARDIH,3139
112924,Sindwariya,SINDWARIYA,3139
112926,Telodih,TELODIH,3139
112927,Udanabad,UDANABAD,3139
112929,Baddiha-1,BADDIHA-1,3140
245527,Baddiha-2,BADDIHA-2,3140
112930,Balgo,BALGO,3140
112931,Beharabad,BEHARABAD,3140
112932,Chachaghara,CHACHAGHARA,3140
112933,Chakmanjo,CHAKMANJO,3140
112934,Charghara,CHARGHARA,3140
112935,Chilga,CHILGA,3140
112936,Chittardih,CHITTARDIH,3140
112937,Chorgatta,CHORGATTA,3140
112939,Chungalo,CHUNGALO,3140
112938,Chunghalkhar,CHUNGHALKHAR,3140
112940,Dharmpur,DHARMPUR,3140
112941,Dhontho,DHONTHO,3140
112942,Dhuraita,DHURAITA,3140
112943,Dhurgadhagi,DHURGADHAGI,3140
112945,Goro,GORO,3140
112946,Harla,HARLA,3140
112947,Jagaranathdih,JAGARANATHDIH,3140
112948,Jaridih,JARIDIH,3140
112949,Karihari,KARIHARI,3140
112950,Karodih,KARODIH,3140
112951,Kendua,KENDUA,3140
112952,Kharagdiha,KHARAGDIHA,3140
112953,Kurhuvindo,KURHUVINDO,3140
112954,Lataki,LATAKI,3140
112955,Magahakala,MAGAHAKALA,3140
112956,Maluwatand,MALUWATAND,3140
112957,Medhochaprkho,MEDHOCHAPRKHO,3140
112958,Nawadih,NAWADIH,3140
112959,Nawadiha,NAWADIHA,3140
112960,Palmo,PALMO,3140
112961,Pandeydih,PANDEYDIH,3140
112944,Phatha,PHATHA,3140
112962,Pindarsot,PINDARSOT,3140
112963,Pobi,POBI,3140
112964,Prtappur,PRTAPPUR,3140
112965,Remba,REMBA,3140
112966,Shali,SHALI,3140
112967,Siyantand,SIYANTAND,3140
112968,Tara,TARA,3140
112969,Tikamagaha,TIKAMAGAHA,3140
112970,Badgawan,BADGAWAN,3141
112971,Bandh,BANDH,3141
112972,Bharati Chalkari,BHARATI CHALKARI,3141
112973,Bishunpur,BISHUNPUR,3141
112974,Chilga,CHILGA,3141
112975,Chirki,CHIRKI,3141
112976,Harladih,HARLADIH,3141
112977,Kharpoka,KHARPOKA,3141
112978,Khukhara,KHUKHARA,3141
112979,Kudko,KUDKO,3141
112980,Kumharlalo,KUMHARLALO,3141
112981,Madhuban,MADHUBAN,3141
112982,Mandaro,MANDARO,3141
112983,Nawadih,NAWADIH,3141
112984,Palganj,PALGANJ,3141
112985,Simarkothi,SIMARKOTHI,3141
112986,Tuiyo,TUIYO,3141
112987,Barawadih,BARAWADIH,3142
112988,Belwana,BELWANA,3142
112989,Bhandari,BHANDARI,3142
112990,Chandauri,CHANDAURI,3142
112991,Gadkura,GADKURA,3142
112992,Gumagi,GUMAGI,3142
112993,Kharkhari,KHARKHARI,3142
112994,Khatponk,KHATPONK,3142
112995,Khijuri,KHIJURI,3142
112996,Lokay,LOKAY,3142
112997,Mansadih,MANSADIH,3142
112998,Plmaruwa,PLMARUWA,3142
112999,Sindho,SINDHO,3142
113000,Thansinhdih,THANSINHDIH,3142
113001,Tisri,TISRI,3142
245507,Amnari,AMNARI,6643
290364,Badaki Suriya,बड़की सरैया,6643
245508,Bagodih,BAGODIH,6643
245509,Bandkharo,BANDKHARO,6643
245510,Barwadih,BARWADIH,6643
245511,Chachaki,CHACHAKI,6643
112673,Chirua,CHIRUA,6643
245512,Ghuthiya Peshra,GHUTHIYA PESHRA,6643
245513,Kailatand,KAILATAND,6643
245514,Keshwari,KESHWARI,6643
245515,Koyaridih,KOYARIDIH,6643
245516,Kusmadih,KUSMADIH,6643
245518,Mandramo Paschimi,MANDRAMO PASCHIMI,6643
245517,Mandramo Purwi,MANDRAMO PURWI,6643
245519,Mokamo,MOKAMO,6643
245520,Nagarkeshwari,NAGARKESHWARI,6643
112685,Nawadih,NAWADIH,6643
245521,Parsiya,PARSIYA,6643
299712,Pawapur,PAWAPUR,6643
245522,Purnidih,PURNIDIH,6643
112688,Sabalpur,SABALPUR,6643
245523,Sariya Khurd,SARIYA KHURD,6643
113002,Babupur,BABUPUR,3143
113003,Baghmara,BAGHMARA,3143
113004,Bara Amarpur,BARA AMARPUR,3143
113005,Bara Bhorai,BARA BHORAI,3143
113006,Bara Boarijor,BARA BOARIJOR,3143
113007,Bara Dumarhil,BARA DUMARHIL,3143
113008,Bara Sripur,BARA SRIPUR,3143
113009,Dakaita,DAKAITA,3143
113010,Daldali Gopal Pur,DALDALI GOPAL PUR,3143
113011,Devipur,DEVIPUR,3143
113012,Dumaria,DUMARIA,3143
113013,Jamu Jharna,JAMU JHARNA,3143
113014,Jirli,JIRLI,3143
113015,Kendua,KENDUA,3143
113016,Kushumghati,KUSHUMGHATI,3143
113017,Kushwilla,KUSHWILLA,3143
113018,Lilatari 1,LILATARI 1,3143
113019,Lilatari 2,LILATARI 2,3143
113020,Lohandiya Bajar,LOHANDIYA BAJAR,3143
113021,Meghi,MEGHI,3143
113022,Nimakala,NIMAKALA,3143
113023,Rajabhitha,RAJABHITHA,3143
113024,Amarpur,AMARPUR,3144
113025,Amlo,AMLO,3144
113027,Bari Kalyani,BARI KALYANI,3144
113028,Bhatdiha,BHATDIHA,3144
113029,Burikura,BURIKURA,3144
113030,Dhodhri,DHODHRI,3144
113031,Dumariya,DUMARIYA,3144
113032,Gaychhand,GAYCHHAND,3144
113026,Ghat Banka,GHAT BANKA,3144
113042,Ghat Manjwara,GHAT MANJWARA,3144
113033,Ghat Paharpur,GHAT PAHARPUR,3144
113034,Gorsanda,GORSANDA,3144
113035,Jamani Paharpur,JAMANI PAHARPUR,3144
113036,Jhilua,JHILUA,3144
113037,Kanbhara,KANBHARA,3144
113038,Khatnai,KHATNAI,3144
245441,Kurmichak,KURMICHAK,3144
113039,Lobandha,LOBANDHA,3144
113040,Machhiya Simadda,MACHHIYA SIMADDA,3144
113041,Makhani,MAKHANI,3144
113043,Markhan,MARKHAN,3144
113044,Motiya,MOTIYA,3144
113045,Nepura,NEPURA,3144
113046,Nipaniya,NIPANIYA,3144
113047,Nunbatta,NUNBATTA,3144
113048,Pairdih,PAIRDIH,3144
113049,Panchrukhi,PANCHRUKHI,3144
113050,Pandaha,PANDAHA,3144
113051,Pandu Bathan,PANDU BATHAN,3144
113052,Ranidih,RANIDIH,3144
113053,Rupiyama,RUPIYAMA,3144
113054,Saidapur,SAIDAPUR,3144
113055,Sarouni,SAROUNI,3144
113056,Sundmara,SUNDMARA,3144
113058,Bhanjpur,BHANJPUR,3145
113059,Dharmodih,DHARMODIH,3145
113060,Digghi,DIGGHI,3145
113061,Garih,GARIH,3145
113062,Ghatgamhariya,GHATGAMHARIYA,3145
113063,Hanwara,HANWARA,3145
113064,Hasan Karhariya,HASAN KARHARIYA,3145
113065,Jamaydih,JAMAYDIH,3145
113066,Jiyajori,JIYAJORI,3145
113068,Karnu,KARNU,3145
113069,Khorad,KHORAD,3145
113070,Koyala,KOYALA,3145
113071,Kushamhara,KUSHAMHARA,3145
113072,Lahathi,LAHATHI,3145
113073,Longay,LONGAY,3145
300318,Mahadeobathan,MAHADEOBATHAN,3145
300370,Mahagama Municipal Corporation,Mahagama Municipal Corporation,3145
113077,Nayanagar,NAYANAGAR,3145
113078,Parsa,PARSA,3145
113079,Ramkol,RAMKOL,3145
113080,Samri,SAMRI,3145
113081,Sarbhanga,SARBHANGA,3145
113082,Saroutiya,SAROUTIYA,3145
113083,Simarakitta Ghat Bandaridih,SIMARAKITTA GHAT BANDARIDIH,3145
113084,Sinpur,SINPUR,3145
113085,Wishwas Khani,WISHWAS KHANI,3145
113086,Amjora Pirojpur,AMJORA PIROJPUR,3146
113087,Amour,AMOUR,3146
113088,Bajitpur,BAJITPUR,3146
113089,Balbadda,BALBADDA,3146
113090,Chhota Bara Mangarh,CHHOTA BARA MANGARH,3146
113091,Dhankuriya,DHANKURIYA,3146
113092,Dhodha,DHODHA,3146
113093,Doy,DOY,3146
113094,Gajhanda,GAJHANDA,3146
113095,Itahari,ITAHARI,3146
113096,Kaswa,KASWA,3146
113097,Lakarmara,LAKARMARA,3146
113098,Madhura,MADHURA,3146
113099,Mal Paratappur,MAL PARATAPPUR,3146
113100,Marpa,MARPA,3146
113101,Meharma,MEHARMA,3146
113102,Shankarpur,SHANKARPUR,3146
113103,Simanpur,SIMANPUR,3146
113104,Singhari,SINGHARI,3146
113105,Souri Chakla,SOURI CHAKLA,3146
113106,Sukhari,SUKHARI,3146
113107,Surani,SURANI,3146
113108,Tularam Bhuskha,TULARAM BHUSKHA,3146
113140,Boha,BOHA,3147
113112,Chilara,CHILARA,3147
113113,Chilkara Gowind,CHILKARA GOWIND,3147
113116,Gangta Kala,GANGTA KALA,3147
113117,Ghat Kurawa,GHAT KURAWA,3147
113123,Kasturiya,KASTURIYA,3147
113125,Korka Ghat,KORKA GHAT,3147
113126,Lakhanpahari,LAKHA PAHARI,3147
113127,Latouna,LATOUNA,3147
113128,Maheshlitti,MAHESHLITTI,3147
113129,Malnistara,MALNISTARA,3147
113130,Manchhitar,MANCHHITAR,3147
113131,Pandua,PANDUA,3147
113132,Paraspani,PARASPANI,3147
245442,Pathargama,PATHARGAMA,3147
113133,Pipra,PIPRA,3147
113135,Ranipur,RANIPUR,3147
113137,Sonarchak,SONARCHAK,3147
113139,Wishaha,WISHAHA,3147
113141,Akashi,AKASHI,3148
113142,Amuwar Santhali,AMUWAR SANTHALI,3148
113143,Asarhi Madhuri,ASARHI MADHURI,3148
113144,Baghmara,BAGHMARA,3148
113145,Baksra,BAKSRA,3148
113146,Banjhi,BANJHI,3148
113147,Bargachcha Hriyari,BARGACHCHA HRIYARI,3148
113148,Bhatoundha,BHATOUNDHA,3148
113171,Birniya,BIRNIYA,3148
113149,Chatra,CHATRA,3148
113150,Danrai,DANRAI,3148
113151,Dewbandha,DEWBANDHA,3148
113152,Dewdarn,DEWDARN,3148
113153,Dhenukatta,DHENUKATTA,3148
113154,Dropad,DROPAD,3148
113155,Kasturi,KASTURI,3148
113156,Kharkachiya,KHARKACHIYA,3148
113157,Lata Dikwani,LATA DIKWANI,3148
113158,Lathibari,LATHIBARI,3148
113159,Liladah,LILADAH,3148
113160,Nawdiha,NAWDIHA,3148
113161,Pasai,PASAI,3148
113162,Pindrahat,PINDRAHAT,3148
113163,Poraiyahat,PORAIYAHAT,3148
113164,Ratanpur,RATANPUR,3148
113165,Sakri Fulwar,SAKRI FULWAR,3148
113166,Salaiya,SALAIYA,3148
113167,Sidbank,SIDBANK,3148
113168,Sondiha,SONDIHA,3148
113169,Tarkhutta,TARKHUTTA,3148
113170,Thkurnahan,THKURNAHAN,3148
113172,Bansjori,BANSJORI,3149
113173,Baradhamani,BARADHAMANI,3149
113174,Bara Paktari,BARA PAKTARI,3149
113175,Bara Sindari,BARA SINDARI,3149
113176,Chandana,CHANDANA,3149
113177,Ghatiyari,GHATIYARI,3149
113178,Goradih,GORADIH,3149
113179,Kairasol,KAIRASOL,3149
113180,Karmatanr,KARMATANR,3149
113181,Kushmaha,KUSHMAHA,3149
113182,Paharpur,PAHARPUR,3149
113183,Susani,SUSANI,3149
113184,Tilabad,TILABAD,3149
113185,Amarpur,AMARPUR,3150
113186,Baniyadih,BANIYADIH,3150
113187,Bhagaiya,BHAGAIYA,3150
113188,Budhwachak,BUDHWACHAK,3150
113189,Chanda,CHANDA,3150
113190,Chapri,CHAPRI,3150
113191,Digghi,DIGGHI,3150
113192,Fulwariya,FULWARIYA,3150
245443,Kharkhodia,KHARKHODIA,3150
113193,Malmandro,MALMANDRO,3150
113194,Manikpur,MANIKPUR,3150
113195,Mishragangati,MISHRAGANGATI,3150
113196,Mordiha,MORDIHA,3150
113197,Panjaradih,PANJARADIH,3150
113198,Runji,RUNJI,3150
113199,Tetariyamal,TETARIYAMAL,3150
113109,Baghakol,BAGHAKOL,6641
113110,Beldiha,BELDIHA,6641
113111,Bodra,BODRA,6641
113114,Derma,DERMA,6641
113115,Dhapra,DHAPRA,6641
113118,Hilawe,HILAWE,6641
113119,Jamanikola,JAMANIKOLA,6641
113120,Kadama,KADAMA,6641
113121,Kaithiya,KAITHIYA,6641
113122,Kaithpura,KAITHPURA,6641
113124,Kewa,KEWA,6641
113134,Raha,RAHA,6641
113136,Sanchpur Sankhi,SANCHPUR SANKHI,6641
113138,Susti,SUSTI,6641
113210,Areya,AREYA,3151
113200,Banai,BANAI,3151
113201,Basia,BASIA,3151
113202,Etam,ETAM,3151
113203,Kaliga,KALIGA,3151
113204,Konbir,KONBIR,3151
113205,Kumhari,KUMHARI,3151
113206,Lungtu,LUNGTU,3151
113207,Mamrala,MAMRALA,3151
113208,Moreng,MORENG,3151
113209,Okba,OKBA,3151
113211,Pantha,PANTHA,3151
113212,Pokta,POKTA,3151
113213,Tetra,TETRA,3151
113214,Turbunga,TURBUNGA,3151
113215,Amaliya,AMALIYA,3152
113216,Atakora,ATAKORA,3152
113217,Domba,DOMBA,3152
113218,Dudiya,DUDIYA,3152
113219,Dumbo,DUMBO,3152
113220,Karanj,KARANJ,3152
113221,Karaundajor,KARAUNDAJOR,3152
113222,Marasili,MARASILI,3152
113223,North Bharno,NORTH BHARNO,3152
113224,South Bharno,SOUTH BHARNO,3152
113225,Supa,SUPA,3152
113226,Turiamba,TURIAMBA,3152
113227,Amtipani,AMTIPANI,3153
113228,Banari,BANARI,3153
113229,Bishunpur,BISHUNPUR,3153
113230,Chirodih,CHIRODIH,3153
113231,Ghaghra,GHAGHRA,3153
113232,Gurdari,GURDARI,3153
113233,Helta,HELTA,3153
113234,Narma,NARMA,3153
113235,Nirasi,NIRASI,3153
113236,Serka,SERKA,3153
113237,Bamda,BAMDA,3154
113238,Bardih,BARDIH,3154
113239,Barwenagar,BARWENAGAR,3154
113240,Bendora,BENDORA,3154
113241,Chainpur,CHAINPUR,3154
113242,Chhichhwani,CHHICHHWANI,3154
113243,Janawal,JANAWAL,3154
113244,Kating,KATING,3154
113245,Malam,MALAM,3154
113246,Rampur,RAMPUR,3154
113247,Akasi,AKASI,3155
113248,Dumri,DUMRI,3155
113250,Jairagi,JAIRAGI,3155
113252,Jurmu,JURMU,3155
113253,Karni,KARNI,3155
113254,Khetali,KHETALI,3155
113255,Majhagaon,MAJHAGAON,3155
113257,Nawadih,NAWADIH,3155
113260,Udani,UDANI,3155
113261,Adar,ADAR,3156
113262,Arangi,ARANGI,3156
113263,Badri,BADRI,3156
113264,Belagara,BELAGARA,3156
113265,Bimarla,BIMARLA,3156
113266,Chapka,CHAPKA,3156
113267,Chundari,CHUNDARI,3156
113268,Devaki,DEVAKI,3156
113269,Dirgaon,DIRGAON,3156
113270,Duko,DUKO,3156
113271,Ghaghra,GHAGHRA,3156
113272,Kugaon,KUGAON,3156
113273,Kuhipat,KUHIPAT,3156
113274,Nawdiha,NAWDIHA,3156
113275,Ruki,RUKI,3156
113276,Sarango,SARANGO,3156
113277,Sehal,SEHAL,3156
113278,Shivrajpur,SHIVRAJPUR,3156
113279,Amboa,AMBOA,3157
113280,Anjan,ANJAN,3157
113281,Aramai,ARAMAI,3157
113282,Asni,ASNI,3157
113283,Basuwa,BASUWA,3157
113284,Brinda,BRINDA,3157
113285,Dumardih,DUMARDIH,3157
113286,Fasia,FASIA,3157
113287,Fori,FORI,3157
113288,Ghatgaon,GHATGAON,3157
113289,Kaliga,KALIGA,3157
113290,Karaundi,KARAUNDI,3157
113291,Kasira,KASIRA,3157
113292,Katri,KATRI,3157
113293,Kharka,KHARKA,3157
113294,Khora,KHORA,3157
113295,Kotam,KOTAM,3157
113296,Kulabira,KULABIRA,3157
113297,Kumhariya,KUMHARIYA,3157
113298,Murkunda,MURKUNDA,3157
113299,Nawadih,NAWADIH,3157
113300,Pugu,PUGU,3157
113301,Silafari,SILAFARI,3157
113302,Telgaon,TELGAON,3157
113303,Toto,TOTO,3157
113304,Kamdara,KAMDARA,3158
113305,Konsa,KONSA,3158
113306,Kuluburu,KULUBURU,3158
113307,Rampur,RAMPUR,3158
113308,Ramtolya,RAMTOLYA,3158
113309,Rerwa,RERWA,3158
113310,Salegutu,SALEGUTU,3158
113311,Sarita,SARITA,3158
113312,Surhu,SURHU,3158
113313,Turundu,TURUNDU,3158
113314,Bagesera,BAGESERA,3159
113315,Baghima,BAGHIMA,3159
113316,Bangru,BANGRU,3159
113317,Bilingbira,BILINGBIRA,3159
113318,Dahupani,DAHUPANI,3159
113319,Jhikirma,JHIKIRMA,3159
113320,Koleng,KOLENG,3159
113321,Kulukera,KULUKERA,3159
113322,Nathpur,NATHPUR,3159
113323,Palkot North,PALKOT NORTH,3159
113324,Palkot South,PALKOT SOUTH,3159
113325,Tapkara,TAPKARA,3159
113326,Tengariya,TENGARIYA,3159
113327,Umra,UMRA,3159
113328,Jarjatta,JARJATTA,3160
113329,Kansir,KANSIR,3160
113330,Kemta,KEMTA,3160
113331,Kobja,KOBJA,3160
113332,Kondra,KONDRA,3160
113333,Koro Chhatarpur,KORO CHHATARPUR,3160
113334,Nawagarh,NAWAGARH,3160
113335,Parsa,PARSA,3160
113336,Pibo,PIBO,3160
113337,Sikoi,SIKOI,3160
113338,Silam,SILAM,3160
113339,Sursang,SURSANG,3160
113340,Upper Khatanga,UPPER KHATANGA,3160
113341,Bargaon,BARGAON,3161
113342,Bargaon Bartoli,BARGAON BARTOLI,3161
113343,Bhadauli,BHADAULI,3161
113344,Bhurso,BHURSO,3161
113345,Bondo,BONDO,3161
113346,Chharda,CHHARDA,3161
113347,Ghaghra,GHAGHRA,3161
113348,Kudra,KUDRA,3161
113349,Lakeya,LAKEYA,3161
113350,Larango,LARANGO,3161
113351,Murgu,MURGU,3161
113352,Nagar,NAGAR,3161
113353,Olmunda,OLMUNDA,3161
113354,Pandariya,PANDARIYA,3161
113355,Puso,PUSO,3161
113356,Rerwa,RERWA,3161
113357,Shivnathpur,SHIVNATHPUR,3161
113358,Sisai,SISAI,3161
113249,Govindpur,GOVINDPUR,6625
113251,Jarda,JARDA,6625
113256,Meral,MERAL,6625
113258,Shishi Karamtoli,SHISHI KARAMTOLI,6625
113259,Sikri,SIKRI,6625
113359,Barhi East,BARHI EAST,3162
113360,Barhi West,BARHI WEST,3162
113361,Barsot,BARSOT,3162
113362,Basariya-Panchmadhaw,BASARIYA-PANCHMADHAW,3162
113363,Bendgi,BENDGI,3162
113364,Bhandaro,BHANDARO,3162
113365,Bijaiya,BIJAIYA,3162
113366,Dapok,DAPOK,3162
113367,Dhanwar,DHANWAR,3162
113368,Dulmaha,DULMAHA,3162
113369,Gauriyakarma,GAURIYAKARMA,3162
113370,Kariyatpur,KARIYATPUR,3162
113371,Karso,KARSO,3162
113372,Kedarut,KEDARUT,3162
113373,Khodahar,KHODAHAR,3162
113374,Kolhukala,KOLHUKALA,3162
113375,Konra,KONRA,3162
113376,Malkoko,MALKOKO,3162
113377,Ranichuwan,RANICHUWAN,3162
113378,Rasoiya Dhamna,RASOIYA DHAMNA,3162
113379,Ango,ANGO,3163
113380,Badam,BADAM,3163
113381,Barkagaon East,BARKAGAON EAST,3163
113382,Barkagaon Middle,BARKAGAON MIDDLE,3163
113383,Barkagaon West,BARKAGAON WEST,3163
113384,Chandaul,CHANDAUL,3163
113385,Chepakala,CHEPAKALA,3163
113386,Chopdar Baliya,CHOPDAR BALIYA,3163
113387,Dadikala,DADIKALA,3163
113388,Garsulla,GARSULLA,3163
113389,Gondalpura,GONDALPURA,3163
113390,Harli,HARLI,3163
113391,Kandtari,KANDTARI,3163
113392,Mahugaikala,MAHUGAIKALA,3163
113393,Napokhurd,NAPOKHURD,3163
113394,Nayatand,NAYATAND,3163
113395,Potanga,POTANGA,3163
113396,Sandh,SANDH,3163
113397,Sikri,SIKRI,3163
113398,Sinduwari,SINDUWARI,3163
113399,Sirma,SIRMA,3163
113400,Talaswar,TALASWAR,3163
113401,Urimari,URIMARI,3163
113403,Barkangango,BARKANGANGO,3164
113404,Barkatha North,BARKATHA NORTH,3164
113405,Barkatha South,BARKATHA SOUTH,3164
113406,Bedokala,BEDOKALA,3164
113407,Belkapi,BELKAPI,3164
113410,Chechkapi,CHECHKAPI,3164
113411,Chuglamo,CHUGLAMO,3164
113412,Gainda,GAINDA,3164
113413,Gaipahari,GAIPAHARI,3164
113414,Gangpacho,GANGPACHO,3164
113415,Gorhar,GORHAR,3164
113416,Jhurjhuri,JHURJHURI,3164
113417,Kapka,KAPKA,3164
113419,Konharakhurd,KONHARAKHURD,3164
113422,Salaiya,SALAIYA,3164
113425,Shiladih,SHILADIH,3164
113427,Tuiyo,TUIYO,3164
113428,Achaljamo,ACHALJAMO,3165
113429,Alpito,ALPITO,3165
113430,Bakaspura,BAKASPURA,3165
113431,Banaso,BANASO,3165
113432,Barayan,BARAYAN,3165
113433,Beda Hariyara,BEDA HARIYARA,3165
113434,Bhelwara,BHELWARA,3165
113435,Bishnugarh,BISHNUGARH,3165
113436,Chano,CHANO,3165
113437,Chedra,CHEDRA,3165
113441,Gainda,GAINDA,3165
113442,Galhobar,GALHOBAR,3165
113443,Govindpur Kala,GOVINDPUR   KALA,3165
113444,Jobar,JOBAR,3165
113445,Kargalo,KARGALO,3165
113446,Kharki,KHARKI,3165
113447,Kharna,KHARNA,3165
113448,Kusumbha,KUSUMBHA,3165
113449,Madmo,MADMO,3165
113450,Nagi,NAGI,3165
113451,Narki,NARKI,3165
113452,Nawada,NAWADA,3165
113453,Sarukudar,SARUKUDAR,3165
113454,Siray,SIRAY,3165
113456,Bachchai,BACHCHAI,3166
113457,Barahmauriya,BARAHMAURIYA,3166
113458,Basariya,BASARIYA,3166
113459,Behra,BEHRA,3166
113460,Bela,BELA,3166
113461,Belahi,BELAHI,3166
113462,Bhaghar,BHAGHAR,3166
113463,Chaikala,CHAIKALA,3166
113464,Chaithi,CHAITHI,3166
113465,Chauparan,CHAUPARAN,3166
113466,Chordaha,CHORDAHA,3166
113467,Dadpur,DADPUR,3166
113468,Daihar,DAIHAR,3166
113469,Debo,DEBO,3166
113470,Govindpur,GOVINDPUR,3166
113471,Jabanpur,JABANPUR,3166
113472,Jagdishpur,JAGDISHPUR,3166
113473,Jhapa,JHAPA,3166
113474,Karma,KARMA,3166
113475,Mangarh,MANGARH,3166
113476,Padariya,PADARIYA,3166
113477,Pandeybara,PANDEYBARA,3166
113478,Rampur,RAMPUR,3166
113479,Selharakala,SELHARAKALA,3166
113480,Singhrawan,SINGHRAWAN,3166
113481,Tajpur,TAJPUR,3166
113482,Ango,ANGO,3167
113483,Bahera,BAHERA,3167
113486,Chanaro,CHANARO,3167
113487,Charhi,CHARHI,3167
113488,Churchu,CHURCHU,3167
113494,Hendegarha,HENDEGARHA,3167
113498,Indra,INDRA,3167
113499,Jarba,JARBA,3167
113527,Alaunjakhurd,ALAUNJAKHURD,3169
113528,Bariyath,BARIYATH,3169
113529,Barkakala,BARKAKALA,3169
113530,Barkakhurd,BARKAKHURD,3169
113532,Bonga,BONGA,3169
113533,Champanagar Nawadih,CHAMPANAGAR NAWADIH,3169
113534,Dadha,DADHA,3169
113535,Dadighaghar,DADIGHAGHAR,3169
113536,Dariya,DARIYA,3169
113537,Deokuli,DEOKULI,3169
113538,Dumroun,DUMROUN,3169
113539,Gobarbanda,GOBARBANDA,3169
113540,Hadari,HADARI,3169
113542,Karimati,KARIMATI,3169
113543,Kariyatpur,KARIYATPUR,3169
113546,Kurha,KURHA,3169
113547,Mangura,MANGURA,3169
113549,Parasi,PARASI,3169
113551,Purana Ichak,PURANA ICHAK,3169
113553,Arabhusai,ARABHUSAI,3170
113554,Bajha,BAJHA,3170
113555,Bargada,BARGADA,3170
113557,Dand,DAND,3170
113558,Datokhurd,DATOKHURD,3170
113559,Dhauthwa,DHAUTHWA,3170
113561,Gadokhar,GADOKHAR,3170
113563,Kanchanpur,KANCHANPUR,3170
113564,Kandsar,KANDSAR,3170
113566,Katkamsandi,KATKAMSANDI,3170
113568,Khutra,KHUTRA,3170
113571,Lupung,LUPUNG,3170
113574,Pabra,PABRA,3170
113576,Pelawal North,PELAWAL NORTH,3170
113577,Pelawan South,PELAWAN SOUTH,3170
113578,Rebar,REBAR,3170
113579,Romi,ROMI,3170
113581,Shahpur,SHAHPUR,3170
113583,Bariyatu,BARIYATU,3171
113584,Beltu,BELTU,3171
113585,Bengwari,BENGWARI,3171
113586,Bundu,BUNDU,3171
113587,Chati Bariyatu,CHATI BARIYATU,3171
113588,Garrikala,GARRIKALA,3171
113589,Hewai,HEWAI,3171
113590,Kandber,KANDBER,3171
113591,Karali,KARALI,3171
113592,Keredari,KEREDARI,3171
113593,Manatu,MANATU,3171
113594,Pachda,PACHDA,3171
113595,Pandu,PANDU,3171
113596,Patal,PATAL,3171
113597,Peto,PETO,3171
113598,Salga,SALGA,3171
113640,Bandarbela,BANDARBELA,3173
113641,Bihari,BIHARI,3173
113642,Kutipisi,KUTIPISI,3173
113643,Padma,PADMA,3173
113644,Pindarkon,PINDARKON,3173
113645,Romi,ROMI,3173
113646,Saraiya,SARAIYA,3173
113647,Suryapura,SURYAPURA,3173
113729,Amnari,AMNARI,3176
113730,Badasi,BADASI,3176
113731,Baheri,BAHERI,3176
113732,Bhelwara,BHELWARA,3176
113733,Chutiyaro,CHUTIYARO,3176
113735,Gurhet,GURHET,3176
113736,Harhad,HARHAD,3176
248130,Hazaribag,हजारीबाग,3176
113738,Hutpa,HUTPA,3176
113741,Karbekala,KARBEKALA,3176
113745,Mandaikhurd,MANDAIKHURD,3176
113746,Meru,MERU,3176
113747,Morangi,MORANGI,3176
113748,Nagwan,NAGWAN,3176
113749,Nayakhap,NAYAKHAP,3176
113750,Oriya,ORIYA,3176
113751,Pauta,PAUTA,3176
113753,Sakhiya,SAKHIYA,3176
113756,Silwarkala,SILWARKALA,3176
113757,Sindur,SINDUR,3176
113758,Singhani,SINGHANI,3176
113734,Daru,DARU,6707
113490,Digwar,DIGWAR,6707
113737,Harli,HARLI,6707
113739,Irga,IRGA,6707
113740,Jinga,JINGA,6707
113544,Kavilasi,KAVILASI,6707
113548,Medhkurikhurd,MEDHKURIKHURD,6707
113550,Punai,PUNAI,6707
113752,Ramdeo Kharika,RAMDEO KHARIKA,6707
113552,Adra,ADRA,6708
113556,Bes,BES,6708
113560,Dhengura,DHENGURA,6708
248130,Hazaribag,हजारीबाग,6708
113565,Katkamdag,KATKAMDAG,6708
113567,Khapriyawan,KHAPRIYAWAN,6708
113570,Kusumbha,KUSUMBHA,6708
113572,Masratu,MASRATU,6708
113573,Nawada,NAWADA,6708
113575,Pasai,PASAI,6708
113580,Salgawan,SALGAWAN,6708
113582,Sultana,SULTANA,6708
113484,Balsagra,BALSAGRA,6709
113489,Dadi,DADI,6709
113491,Giddi A,GIDDI  A,6709
113492,Giddi B,GIDDI  B,6709
113493,Giddi C,GIDDI  C,6709
113495,Hesalong,HESALONG,6709
113496,Honhemorha,HONHEMORHA,6709
113497,Huwag,HUWAG,6709
113500,Kanki,KANKI,6709
113501,Mishrainmorha,MISHRAINMORHA,6709
113502,Rabodh,RABODH,6709
113503,Religarha East,RELIGARHA EAST,6709
113504,Religarha West,RELIGARHA WEST,6709
113505,Tongi,TONGI,6709
113485,Bedam,BEDAM,6710
113531,Bharajo,BHARAJO,6710
113438,Daharbhanga,DAHARBHANGA,6710
113439,Dharampur,DHARAMPUR,6710
113440,Dumar,DUMAR,6710
113541,Jharpo,JHARPO,6710
113545,Khaira,KHAIRA,6710
113455,Tatijhariya,TATIJHARIYA,6710
113402,Alagdiha,ALAGDIHA,6711
113408,Chalkusha,CHALKUSHA,6711
113409,Chaube,CHAUBE,6711
113418,Khargu,KHARGU,6711
113420,Manaiya,MANAIYA,6711
113421,Maskedih,MASKEDIH,6711
113423,Salaiyadih,SALAIYADIH,6711
113424,Sewatand,SEWATAND,6711
113426,Sudan,SUDAN,6711
113816,Afjalpur,अफजलपुर,3179
113817,Bandardiha,बंदराडीह,3179
113818,Bararampur,बड़ारामपुर,3179
113820,Chakaniapara,चक्नियापाडा,3179
113822,Dalabar,डालाबर,3179
113824,Dobna,धोबना,3179
113826,Futberiya,फुटबेडिया,3179
113827,Geriya,गेरिया,3179
113828,Jamdehi,जामदेही,3179
113829,Kasta,कासता,3179
113830,Khaira,खाईरा,3179
113832,Kuldangal,कुलडंगाल,3179
113833,Maheshmunda,महेशमुंडा,3179
113834,Mahulbana,महुलवना,3179
113835,Maralo,मारालो,3179
113836,Morbasa,मोरबासा,3179
113837,Nala,नाला,3179
113838,Paikbarh,पैकबाढ़,3179
113839,Pakuria,पकुडिया,3179
113841,Panjunia,पानजूनिय,3179
113842,Saluka,सलूका,3179
113844,Sripur,श्रीपुर,3179
113845,Tasjoria,तासजोडीय,3179
113846,Bandarchua,बन्दरचुआ,3180
113847,Bankudih,बांकूडीह,3180
113849,Borwa,वोरबा,3180
113850,Budhudih,बुधुडीह,3180
113851,Butberiya,बूटबेडिया,3180
113852,Champapur,चम्पापुर,3180
113853,Chandadi Lakhanpur,चंदाडीह लखनपुर,3180
113855,Davakendra,डावाकेंद,3180
113854,Devalbari,देवलबाड़ी,3180
113856,Dighari,दिघहारी,3180
113858,Jhilua,झिलुया,3180
113859,Koridih-1,कोरीडीह-१,3180
113860,Kurta,कुरता,3180
113862,Madnadih,मदनाडीह,3180
113863,Manjhaladih,मंझलाडीह,3180
113864,Narayanpur,नारायणपुर,3180
113865,Narodih,नरोडीह,3180
113866,Nawadih,नवाडीह,3180
113867,Nayadih,नयाडीह,3180
113868,Pabia,पाबिया,3180
113869,Posta,पोस्ता,3180
113870,Rupdih,रूपडीह,3180
113871,Sabanpur,सिबानपुर,3180
113872,Saharpur,सहरपुर,3180
113876,Topatarn,टोपाटांड,3180
113794,Amba,आम्बा,3178
113795,Amladehi,अमलादेहि,3178
113797,Babupur,बाबूपुर,3178
113798,Bagdehri,बागदेह्डी,3178
113801,Bankathi,वनकाठी,3178
113803,Bhailua,भेलुया,3178
113804,Bikrampur,बिक्रमपुर,3178
113806,Gaipathar,गाईपाथर,3178
113807,Garjori,गारजोड़ी,3178
113809,Khajuri,खाजुडिया,3178
113810,Kundhit,कुंडहित,3178
113811,Muraberia,मुड़ाबेरिया,3178
113812,Nagri,नगरी,3178
113813,Palajori,पालाजोड़ी,3178
113815,Sudrakshipur,सुद्रख्छीपुर,3178
113762,Barjora,बरजोड़ा,3177
113764,Bewa,वेबा,3177
113765,Chalna,चालना,3177
113766,Chandradipa,चन्द्रदीपा,3177
113767,Chengaidih,चेंगाईडीह,3177
113768,Dakshinbahal,दक्षिणवहाल,3177
113769,Duladih,दुलाडीह,3177
113770,Gopalpur,गोपालपुर,3177
113771,Jiajori,जियाजोड़ी,3177
113773,Kushbedia,कुशबेडिया,3177
113774,Ladhna,लाधना,3177
113776,Menjhia,मेंजिया,3177
113779,Panjania,पानजानिया,3177
113781,Piyalsola,पियरसोला,3177
113782,Ranidih,रानीडीह,3177
113783,Shahardal,सहरढाल,3177
113784,Shaharpura,सहरपूरा,3177
113786,Siulibari,सियुलीबाड़ी,3177
113787,Sonbad,सोनाबाद,3177
113788,Sukhjora,सुखजोड़ा,3177
113789,Supaidih,सुपाईडीह,3177
113792,Udalbani,उदलवनी,3177
113793,Agaiyasarmundi,अगैयासरमुंडी,6653
113796,Asanberiya,आसनबेड़िया,6653
113799,Bamandiha,वामनडीह,6653
113800,Bandarnacha,बन्दरनाचा,6653
113802,Banudih,वनुडीह,6653
113819,Bindapathar,वृन्दापाथर,6653
113821,Chapuriya,चापुडिया,6653
113823,Dhasaniya,धशनिया,6653
113825,Dumariya,डुमरिया,6653
113805,Fatehpur,फतेहपुर,6653
113808,Jamjori,जामजोड़ी,6653
113831,Khamarbad,खमारबाद,6653
113840,Palajori,पालाजोड़ी,6653
113843,Simaldubi,सिमलडूबी,6653
113814,Simladangal,शिमलाडंगाल,6653
113759,Alagchuan,अलगाचूहा,6654
113760,Bagber,बागबेड,6654
113761,Baradaha,बारादहा,6654
113763,Barmundi,बारमुंडी,6654
113848,Birajpur,बिराजपुर,6654
113857,Dumaria,डुमरिया,6654
113772,Karmatanr,करमाटांड,6654
113861,Kuruwa,कुरुवा,6654
113775,Mattanr,मतटांड,6654
113777,Mohanpur,मोहनपुर,6654
113778,Nawadih,नवाडीह,6654
113780,Phofnad,फोफनाद,6654
113873,Sikarposni,सिकारपोसनी,6654
113785,Sitakatta,सीताकट्टा,6654
113874,Subdidih,सुब्धीडीह,6654
113790,Tarabahal,ताराबहाल,6654
113875,Tarkojori,तर्कोंजोड़ी,6654
113791,Tetulbandha,तेतुलबंधा,6654
114578,Arki,ARKI,3218
114579,Badinijkel,BADINIJKEL,3218
114580,Birbanki,BIRBANKI,3218
114581,Bohanda,BOHANDA,3218
114582,Hunth,HUNTH,3218
114583,Kochang,KOCHANG,3218
114584,Madhatu,MADHATU,3218
114585,Noudhi,NOUDHI,3218
114586,Purnanagar,PURNANAGAR,3218
114587,Sargeya,SARGEYA,3218
114588,Sindri,SINDRI,3218
114589,Sosokuti,SOSOKUTI,3218
114590,Tintila,TINTILA,3218
114591,Tirla,TIRLA,3218
114592,Todang,TODANG,3218
114593,Upar Balalong,UPAR BALALONG,3218
114707,Bakaspur,BAKASPUR,3224
114708,Bamarja,BAMARJA,3224
114709,Chaata,CHAATA,3224
114710,Dahkela,DAHKELA,3224
114711,Dumargadi,DUMARGADI,3224
114712,Ghunsuli,GHUNSULI,3224
114713,Govindpur,GOVINDPUR,3224
114714,Hakajang,HAKAJANG,3224
114715,Jaria,JARIA,3224
114716,Jurdag,JURDAG,3224
114717,Kacchabari,KACCHABARI,3224
114718,Karra,KARRA,3224
114719,Kudlum,KUDLUM,3224
114720,Larta,LARTA,3224
114721,Limra,LIMRA,3224
114722,Lodhma,LODHMA,3224
114723,Meha,MEHA,3224
114724,Sungi,SUNGI,3224
114725,Urikel,URIKEL,3224
114726,Barudih,BARUDIH,3225
114727,Bhandra,BHANDRA,3225
114728,Birhu,BIRHU,3225
114729,Dadigutu,DADIGUTU,3225
114730,Fudi,FUDI,3225
114731,Gutjora,GUTJORA,3225
114732,Landup,LANDUP,3225
114733,Maranghada,MARANGHADA,3225
114734,Murhi,MURHI,3225
114735,Siladon,SILADON,3225
114736,Tilma,TILMA,3225
114737,Tirla,TIRLA,3225
114768,Bichna,BICHNA,3228
114769,Binda,BINDA,3228
114770,Digri,DIGRI,3228
114771,Ganaloya,GANALOYA,3228
114772,Godatoli,GODATOLI,3228
114773,Gutuhatu,GUTUHATU,3228
114774,Hansa,HANSA,3228
114775,Hethgoa,HETHGOA,3228
114776,Indipiri,INDIPIRI,3228
114777,Kewda,KEWDA,3228
114778,Korakel,KORAKEL,3228
114779,Kuda,KUDA,3228
114781,Kunjla,KUNJLA,3228
114780,Kurapurti,KURAPURTI,3228
114782,Murhu,MURHU,3228
114783,Rumutkel,RUMUTKEL,3228
114825,Banai,BANAI,3231
114826,Dahu,DAHU,3231
114827,Jaipur,JAIPUR,3231
114828,Khatanga,KHATANGA,3231
114829,Khatkhura,KHATKHURA,3231
114830,Sode,SODE,3231
114831,Tamba,TAMBA,3231
114923,Amma,AMMA,3236
114924,Barkuli,BARKULI,3236
114925,Diyankel,DIYANKEL,3236
114926,Dorma,DORMA,3236
114927,Fatka,FATKA,3236
114928,Husir,HUSIR,3236
114929,Jaria,JARIA,3236
114930,Kamra,KAMRA,3236
114931,Marcha,MARCHA,3236
114932,Okra,OKRA,3236
114933,Sundari,SUNDARI,3236
114934,Tapkara,TAPKARA,3236
114935,Torpa East,TORPA  EAST,3236
114936,Torpa West,TORPA WEST,3236
114937,Ukrimari,UKRIMARI,3236
114938,Urikela,URIKELA,3236
113877,Aragaro,ARAGARO,3181
113878,Badkidhmrai,BADKIDHMRAI,3181
113879,Bendi,BENDI,3181
113880,Bhondo,BHONDO,3181
113881,Birsodih,BIRSODIH,3181
113882,Chandwara East,CHANDWARA EAST,3181
113883,Chandwara West,CHANDWARA WEST,3181
113884,Kanko,KANKO,3181
113885,Kanti,KANTI,3181
113886,Khandi,KHANDI,3181
113887,Madangundi,MADANGUNDI,3181
113888,Pathalgadda,PATHALGADDA,3181
113889,Pipradih,PIPRADIH,3181
113890,Tham,THAM,3181
113891,Urwan,URWAN,3181
113892,Beko,BEKO,3182
113893,Chehal,CHEHAL,3182
113894,Dandadih,DANDADIH,3182
113895,Gadgi,GADGI,3182
113896,Gharaunja,GHARAUNJA,3182
113897,Gohal,GOHAL,3182
113898,Hirodih,HIRODIH,3182
113899,Jainagar East,JAINAGAR EAST,3182
113900,Jainagar West,JAINAGAR WEST,3182
113901,Kakarcholi,KAKARCHOLI,3182
113902,Kandrapdih,KANDRAPDIH,3182
113903,Kariyawan,KARIYAWAN,3182
113904,Katahadih,KATAHADIH,3182
113905,Katiya,KATIYA,3182
113906,Khariyodih,KHARIYODIH,3182
113907,Naitand,NAITAND,3182
113908,Pipcho,PIPCHO,3182
113909,Rupaidih,RUPAIDIH,3182
113910,Satdiha,SATDIHA,3182
113911,Tamai,TAMAI,3182
113912,Tetraun,TETRAUN,3182
113913,Tilokari,TILOKARI,3182
113914,Yogiyatilha,YOGIYATILHA,3182
113915,Bekobar North,BEKOBAR NORTH,3183
113916,Bekobar South,BEKOBAR SOUTH,3183
113917,Charadih,CHARADIH,3183
113918,Chhatarbar,CHHATARBAR,3183
113919,Dumardiha,DUMARDIHA,3183
113920,Inderwa,INDERWA,3183
113921,Jarga,JARGA,3183
113922,Jhumri,JHUMRI,3183
113923,Karma,KARMA,3183
113924,Kauawar Gajhandi,KAUAWAR GAJHANDI,3183
113925,Kharkotta,KHARKOTTA,3183
113926,Kolgarma,KOLGARMA,3183
113927,Lariyadih,LARIYADIH,3183
113928,Lokai,LOKAI,3183
113929,Meghatari,MEGHATARI,3183
113930,Pandedih,PANDEDIH,3183
113931,Phathaldiha,PHATHALDIHA,3183
113932,Purnanagar,PURNANAGAR,3183
113933,Chopnadih,CHOPNADIH,3184
113934,Dagarnawan,DAGARNAWAN,3184
113935,Devipur,DEVIPUR,3184
113936,Dhasharokhurd,DHASHAROKHURD,3184
113937,Jamu,JAMU,3184
113938,Kadodih,KADODIH,3184
113939,Mahughai,MAHUGHAI,3184
113940,Markacho Middle,MARKACHO MIDDLE,3184
113941,Markacho North,MARKACHO NORTH,3184
113942,Markacho South,MARKACHO SOUTH,3184
113943,Murkmanai,MURKMANAI,3184
113944,Nawadih,NAWADIH,3184
113945,Paplo,PAPLO,3184
113946,Purnanagar,PURNANAGAR,3184
113947,Simaria,SIMARIA,3184
113948,Telodih,TELODIH,3184
113949,Ambabad,AMBABAD,3185
113950,Bashodih,BASHODIH,3185
113951,Itai,ITAI,3185
113952,Kataiya,KATAIYA,3185
113953,Khunta,KHUNTA,3185
113954,Kothiyar,KOTHIYAR,3185
113955,Madhopur,MADHOPUR,3185
113956,Marchoi,MARCHOI,3185
113957,Mirganj,MIRGANJ,3185
113958,Nawadih,NAWADIH,3185
113959,Rajabar,RAJABAR,3185
113960,Samaldih,SAMALDIH,3185
113961,Shivpur,SHIVPUR,3185
113962,Tehro,TEHRO,3185
245476,Bachhedih,BACHHEDIH,6651
245477,Bagdo,BAGDO,6651
245478,Bagridih,BAGRIDIH,6651
245479,Bangakhalar,BANGAKHALAR,6651
245480,Behradih,BEHRADIH,6651
245481,Dhab,DHAB,6651
245486,Dhargawan,DHARGAWAN,6651
245482,Dhodhakola,DHODHAKOLA,6651
277135,Domchanch,डोमचांच,6651
245487,Janpur,JANPUR,6651
299767,Karakhut,KARAKHUT,6651
245488,Kharkhar,KHARKHAR,6651
248131,Kodarma,कोडरमा,6651
245489,Kundidhanwar,KUNDIDHANWAR,6651
245490,Madhuban,MADHUBAN,6651
245492,Masmohna,MASMOHNA,6651
245493,Masnodih,MASNODIH,6651
245494,Nawadih,NAWADIH,6651
245495,Parho,PARHO,6651
245496,Phulwariya,PHULWARIYA,6651
245497,Purnadih,PURNADIH,6651
114024,Chorha,CHORHA,7365
113995,Ganeshpur,GANESHPUR,7365
114026,Ghasitola,GHASITOLA,7365
114023,Baresanr,BARESANR,3189
114025,Dhangartola,DHANGARTOLA,3189
114027,Karwai,KARWAI,3189
114028,Kotam,KOTAM,3189
114029,Mayapur,MAYAPUR,3189
114030,Rud,RUD,3189
113990,Barwadih,BARWADIH,3187
113991,Betla,BETLA,3187
113992,Chhencha,CHHENCHA,3187
113993,Chhipadohar,CHHIPADOHAR,3187
113994,Chungru,CHUNGRU,3187
113996,Haratu,HARATU,3187
113997,Ker,KER,3187
113998,Ketchki,KETCHKI,3187
113999,Khura,KHURA,3187
114000,Kuchila,KUCHILA,3187
114001,Lat,LAT,3187
114002,Mangra,MANGRA,3187
114003,Morwai Kala,MORWAI KALA,3187
114004,Pokhrikala,POKHRIKALA,3187
114005,Ukamanr,UKAMANR,3187
113964,Balu,BALU,3186
113966,Balumath,BALUMATH,3186
113968,Basiya,BASIYA,3186
113969,Bhageya,BHAGEYA,3186
113970,Chetag,CHETAG,3186
113973,Dhadhu,DHADHU,3186
113974,Ganeshpur,GANESHPUR,3186
113977,Jhabar,JHABAR,3186
113978,Marang Loiya,MARANG LOIYA,3186
113979,Masiyatu,MASIYATU,3186
113980,Murpa,MURPA,3186
113982,Rajvar,RAJVAR,3186
113986,Sheregara,SHEREGARA,3186
114006,Alodiya,ALODIYA,3188
114007,Banhardi,BANHARDI,3188
114008,Bari,BARI,3188
114009,Barwatoli,BARWATOLI,3188
114010,Boda,BODA,3188
114011,Chakala,CHAKALA,3188
114012,Chandwa East,CHANDWA EAST,3188
114013,Chandwa West,CHANDWA WEST,3188
114014,Chetar,CHETAR,3188
114015,Dumaro,DUMARO,3188
114016,Hutap,HUTAP,3188
114017,Jamira,JAMIRA,3188
114018,Kamta,KAMTA,3188
114019,Ladhup,LADHUP,3188
114020,Malhan,MALHAN,3188
114021,Sasang,SASANG,3188
114022,Serak,SERAK,3188
114031,Aaragundi,AARAGUNDI,3190
114032,Bendi,BENDI,3190
114033,Bhusur,BHUSUR,3190
114034,Demu,DEMU,3190
114035,Dhankara,DHANKARA,3190
114036,Dihi,DIHI,3190
114037,Hethpochra,HETHPOCHRA,3190
114038,Ichak,ICHAK,3190
114039,Jalim Khurd,JALIM KHURD,3190
114040,Mongar,MONGAR,3190
114041,Nawagarh,NAWAGARH,3190
114042,Newadi,NEWADI,3190
114043,Pandepura,PANDEPURA,3190
114044,Parsahi,PARSAHI,3190
114045,Peshrar,PESHRAR,3190
114046,Sasang,SASANG,3190
114047,Shishi,SHISHI,3190
114048,Tawadih,TAWADIH,3190
114049,Aksi,AKSI,3191
114050,Amwatoli,AMWATOLI,3191
114051,Chainpur,CHAINPUR,3191
114052,Champa,CHAMPA,3191
114053,Chatakpur,CHATAKPUR,3191
114054,Durup,DURUP,3191
114055,Garbudhni,GARBUDHNI,3191
114056,Hami,HAMI,3191
114057,Mahuadanr,MAHUADANR,3191
114058,Netarhat,NETARHAT,3191
114059,Orsa,ORSA,3191
114060,Parhatoli,PARHATOLI,3191
114061,Rengai,RENGAI,3191
114062,Sohar,SOHAR,3191
114063,Badkadih,BADKADIH,3192
114064,Banduwa,BANDUWA,3192
114065,Barwaiya Kala,BARWAIYA KALA,3192
114066,Donki,DONKI,3192
114067,Dundu,DUNDU,3192
114068,Janho,JANHO,3192
114069,Jungur,JUNGUR,3192
114070,Kope,KOPE,3192
114071,Manika,MANIKA,3192
114072,Matlong,MATLONG,3192
114073,Namudag,NAMUDAG,3192
114074,Palheya,PALHEYA,3192
114075,Rawkikala,RAWKIKALA,3192
114076,Sinjo,SINJO,3192
114077,Vishunbandh,VISHUNBANDH,3192
113963,Amarwadih,AMARWADIH,6634
113965,Balubhang,BALUBHANG,6634
113967,Bariyatu,BARIYATU,6634
113972,Darha,DARHA,6634
113975,Goniya,GONIYA,6634
113981,Phulsu,PHULSU,6634
113984,Salway,SALWAY,6634
113987,Shibla,SHIBLA,6634
113989,Tonti,TONTI,6634
113971,Chiru,CHIRU,6635
113976,Herhenj,HERHENJ,6635
113983,Salaiya,SALAIYA,6635
113985,Serendag,SERENDAG,6635
113988,Tasu,TASU,6635
114078,Akasi,AKASI,3193
114079,Baragain,BARAGAIN,3193
114080,Bhandra,BHANDRA,3193
114081,Bhaunro,BHAUNRO,3193
114082,Bhitha,BHITHA,3193
114084,Gararpo,GARARPO,3193
114085,Jamgain,JAMGAIN,3193
114086,Masmano,MASMANO,3193
114088,Udrangi,UDRANGI,3193
114089,Araiya,ARAIYA,3194
114090,Bagru,BAGRU,3194
114091,Bethat,BETHAT,3194
114092,Deodariya,DEODARIYA,3194
114093,Hisri,HISRI,3194
114094,Kharki,KHARKI,3194
114095,Nawadih,NAWADIH,3194
114096,Pakhar,PAKHAR,3194
114097,Parhepat,PARHEPAT,3194
114101,Barkichanpi,BARKICHANPI,3195
114102,Chandlaso,CHANDLASO,3195
114103,Chiri,CHIRI,3195
114105,Jima,JIMA,3195
114106,Jingi,JINGI,3195
114108,Kakargarh,KAKARGARH,3195
114109,Kolsimri,KOLSIMRI,3195
114110,Kuru,KURU,3195
114111,Lawagain,LAWAGAIN,3195
114112,Pandra,PANDRA,3195
114113,Salgi,SALGI,3195
114115,Sundru,SUNDRU,3195
114116,Tati,TATI,3195
114117,Urumuru,URUMURU,3195
114118,Arkosa,ARKOSA,3196
114119,Bagha,BAGHA,3196
114120,Bhatkhijri,BHATKHIJRI,3196
114122,Harmu,HARMU,3196
114123,Hesal,HESAL,3196
114124,Hirhi,HIRHI,3196
114125,Jori,JORI,3196
114126,Juriya,JURIYA,3196
114127,Manho,MANHO,3196
114128,Nigni,NIGNI,3196
114129,Rampur,RAMPUR,3196
114130,Tigra,TIGRA,3196
114131,Alaundi,ALAUNDI,3197
114132,Arru,ARRU,3197
114133,Badla,BADLA,3197
114134,Bhargaon,BHARGAON,3197
114135,Buti,BUTI,3197
114136,Danru,DANRU,3197
114138,Jhaljamira,JHALJAMIRA,3197
114139,Murki Torar,MURKI TORAR,3197
114140,Senha,SENHA,3197
114141,Torar,TORAR,3197
114143,Ugra,UGRA,3197
114083,Gajni,GAJNI,6698
114121,Guri,GURI,6698
114104,Hanhat,HANHAT,6698
114107,Kairo,KAIRO,6698
114087,Narauli,NARAULI,6698
114114,Sarhawe,SARHAWE,6698
114137,Hesag,HESAG,6699
114098,Pesrar,PESRAR,6699
114099,Rorad,RORAD,6699
114100,Siram,SIRAM,6699
114142,Tuimu,TUIMU,6699
114144,Alubeda,ALUBEDA,3198
114145,Amrapara Santhali,AMRAPARA SANTHALI,3198
114146,Basmati,BASMATI,3198
114147,Bohra,BOHRA,3198
114148,Dumarchir,DUMARCHIR,3198
114149,Jamugaria,JAMUGARIA,3198
114150,Jaraki,JARAKI,3198
114151,Pachuara,PACHUARA,3198
114152,Paderkola,PADERKOLA,3198
114153,Singarshi,SINGARSHI,3198
114154,Babupur,BABUPUR,3199
114155,Barmasia,BARMASIA,3199
114156,Bartalla,BARTALLA,3199
114157,Dangapara,DANGAPARA,3199
114158,Dhowadanga,DHOWADANGA,3199
114159,Ghagharjaani,GHAGHARJAANI,3199
114160,Hathkathi,HATHKATHI,3199
114161,Kaindua,KAINDUA,3199
114162,Manjhaladih,MANJHALADIH,3199
114163,Mohanpur,MOHANPUR,3199
114164,Murgadanga,MURGADANGA,3199
114165,Sundarpur,SUNDARPUR,3199
114166,Torai,TORAI,3199
114167,Vagsisha,VAGSISHA,3199
114168,Baandoo,BAANDOO,3200
114170,Baraghaghri,BARAGHAGHRI,3200
114169,Bara Sharsha,BARA SHARSHA,3200
114171,Bichamahal,BICHAMAHAL,3200
114172,Jaamjori,JAAMJORI,3200
114173,Jabardaha,JABARDAHA,3200
114174,Jordiha,JORDIHA,3200
114175,Kamalghati,KAMALGHATI,3200
114176,Karmataand,KARMATAAND,3200
114177,Kunjbona,KUNJBONA,3200
114178,Littipara,LITTIPARA,3200
114179,Nawadih,NAWADIH,3200
114180,Phulpahari,PHULPAHARI,3200
114181,Sonadhani,SONADHANI,3200
114182,Surajbera,SURAJBERA,3200
114183,Taaljhari,TAALJHARI,3200
114184,Talpahari,TALPAHARI,3200
114185,Abhuva,ABHUVA,3201
114186,Arjundaha,ARJUNDAHA,3201
114187,Askandha,ASKANDHA,3201
114188,Babudaha,BABUDAHA,3201
114189,Bakura,BAKURA,3201
114190,Baliyadanga,BALIYADANGA,3201
114191,Barkiyari,BARKIYARI,3201
114192,Baskendri,BASKENDRI,3201
114193,Bhatatola,BHATATOLA,3201
114194,Birkitti,BIRKITTI,3201
114195,Candalmara,CANDALMARA,3201
114196,Chhakkudhara,CHHAKKUDHARA,3201
114197,Damdama,DAMDAMA,3201
114198,Devinagar,DEVINAGAR,3201
114199,Dhramkhpra,DHRAMKHPRA,3201
114200,Gayabathan,GAYABATHAN,3201
114201,Jaynagar,JAYNAGAR,3201
114202,Jaypurvarunga,JAYPURVARUNGA,3201
114203,Kanijhara,KANIJHARA,3201
114204,Khanpur,KHANPUR,3201
114205,Maheshpur,MAHESHPUR,3201
114206,Manikpur,MANIKPUR,3201
114207,Palsa,PALSA,3201
114208,Pathria,PATHRIA,3201
114209,Pokharia,POKHARIA,3201
114210,Rampur,RAMPUR,3201
114211,Rolagram,ROLAGRAM,3201
114212,Shahargram,SHAHARGRAM,3201
114213,Shivrampur,SHIVRAMPUR,3201
114214,Shriramgaria,SHRIRAMGARIA,3201
114215,Silampur,SILAMPUR,3201
114216,Sitarampur,SITARAMPUR,3201
114217,Teliapokhar,TELIAPOKHAR,3201
114218,Bhawanipur,BHAWANIPUR,3202
114219,Chandpur,CHANDPUR,3202
114220,Chengadanga,CHENGADANGA,3202
114221,Dadpur,DADPUR,3202
114222,Farsha,FARSHA,3202
114223,Gandhaipur,GANDHAIPUR,3202
114224,Hiranandpur,HIRANANDPUR,3202
114225,Ilami,ILAMI,3202
114226,Isakpur Urf Randanga,ISAKPUR URF RANDANGA,3202
114227,Jaikistopur Urf Narayankhor,JAIKISTOPUR URF NARAYANKHOR,3202
114228,Jamsherpur,JAMSHERPUR,3202
114229,Jhikarhati East,JHIKARHATI EAST,3202
114230,Jhikarhati West,JHIKARHATI WEST,3202
114231,Kalidaspur,KALIDASPUR,3202
114232,Kismatkadamsar,KISMATKADAMSAR,3202
114233,Kolajora,KOLAJORA,3202
114234,Kumarpur,KUMARPUR,3202
114235,Madan Mohanpur,MADAN MOHANPUR,3202
114236,Malpahari,MALPAHARI,3202
114237,Manikapara,MANIKAPARA,3202
114238,Manirampur,MANIRAMPUR,3202
114239,Narottampur,NAROTTAMPUR,3202
114240,Nashipur,NASHIPUR,3202
114241,Navinagar,NAVINAGAR,3202
114242,Nawada,NAWADA,3202
114243,Pochathol,POCHATHOL,3202
114244,Prithwinagar,PRITHWINAGAR,3202
114245,Raghunandanpur Urf Chancki,RAGHUNANDANPUR URF CHANCKI,3202
114246,Rahaspur,RAHASPUR,3202
114247,Ramchandrapur,RAMCHANDRAPUR,3202
114248,Saharkol,SAHARKOL,3202
114249,Sangrampur,SANGRAMPUR,3202
114250,Sitapahar,SITAPAHAR,3202
114251,Sonajori,SONAJORI,3202
114252,Taranagar,TARANAGAR,3202
114253,Udainarayanpur,UDAINARAYANPUR,3202
114254,Badasinghpur,BADASINGHPUR,3203
114255,Baniyapasar,BANIYAPASAR,3203
114256,Basantpur,BASANTPUR,3203
114257,Basetkundi,BASETKUNDI,3203
114258,Bichpahari,BICHPAHARI,3203
114259,Bonnogram,BONNOGRAM,3203
114260,Domangariya,DOMANGARIYA,3203
114261,Ganpura,GANPURA,3203
114262,Khajurdangal,KHAJURDANGAL,3203
114263,Khaksha,KHAKSHA,3203
114264,Lagdum,LAGDUM,3203
114265,Mahulpahari,MAHULPAHARI,3203
114266,Monglabandh,MONGLABANDH,3203
114267,Pakuria,PAKURIA,3203
114268,Paliyadaha,PALIYADAHA,3203
114269,Phuljhinjri,PHULJHINJRI,3203
114270,Rajpokhar,RAJPOKHAR,3203
114271,Tetuliya,TETULIYA,3203
114297,Basdih Khurd,BASDIH KHURD,7367
114298,Bedma Babhandi,BEDMA BABHANDI,7367
114305,Chorhat,CHORHAT,7367
114306,Hutar,HUTAR,7367
114315,Nawadih,NAWADIH,7367
114321,Ramgarh,RAMGARH,7367
114326,Uldanda,ULDANDA,7367
114292,Awsane,AWSANE,3205
114293,Bairao,BAIRAO,3205
114294,Banduwa,BANDUWA,3205
114295,Basariya Kala,BASARIYA KALA,3205
114296,Basdih,BASDIH,3205
114299,Bhabhandi,BHABHANDI,3205
114300,Bhargaona,BHARGAONA,3205
114301,Bodi,BODI,3205
114302,Budhibir,BUDHIBIR,3205
114304,Chando,CHANDO,3205
114307,Jhariwa,JHARIWA,3205
114308,Kankari,KANKARI,3205
114309,Karso,KARSO,3205
114310,Khura Kala,KHURA KALA,3205
114311,Koshiyara,KOSHIYARA,3205
114312,Mahugaona,MAHUGAONA,3205
114313,Majhigaona,MAJHIGAONA,3205
250324,Medininagar (Daltonganj) Municipal Corporation,मेदिनीनगर,3205
114314,Narsinghpur Pathra,NARSINGHPUR PATHRA,3205
114316,Neura,NEURA,3205
114317,Ornar,ORNAR,3205
114318,Pathari A Khurd,PATHARI A KHURD,3205
114319,Purbdiha,PURBDIHA,3205
114320,Rabda,RABDA,3205
114322,Salatua,SALATUA,3205
114323,Semra,SEMRA,3205
114272,Baghmanwan,BAGHMANWAN,3204
114274,Bhandar,BHANDAR,3204
114275,Ghansidag,GHANSIDAG,3204
114276,Gurha Kalan,GURHA KALAN,3204
114277,Guri,GURI,3204
114282,Ketat Kalan,KETAT KALAN,3204
114284,Lalgarh,LALGARH,3204
114285,Panjari Kalan,PANJARI KALAN,3204
114288,Sigsigi,SIGSIGI,3204
114290,Tolara,TOLARA,3204
114361,Bagaiya,BAGAIYA,3206
114330,Cherai(1),CHERAI(1),3206
300374,Chhatarpur ,Chhatarpur Municipal Corporation,3206
114332,Chiru,CHIRU,3206
114334,Dali,DALI,3206
114335,Dinadag,DINADAG,3206
114336,Hulsum,HULSUM,3206
114337,Huttukdag,HUTTUKDAG,3206
114338,Kachanpur,KACHANPUR,3206
114339,Kala Pahar,KALA PAHAR,3206
114341,Kaual,KAUAL,3206
114342,Kawal,KAWAL,3206
114344,Khorhi,KHORHI,3206
114347,Marwa,MARWA,3206
250324,Medininagar (Daltonganj) Municipal Corporation,मेदिनीनगर,3206
114349,Munkeri,MUNKERI,3206
114350,Murumdag,MURUMDAG,3206
114352,Naudiha,NAUDIHA,3206
114354,Pindrahi,PINDRAHI,3206
114355,Rudwa,RUDWA,3206
114358,Sildag,SILDAG,3206
114359,Sushiganj,SUSHIGANJ,3206
114364,Chiyanki,CHIYANKI,3207
114365,Jamune,JAMUNE,3207
114366,Jhabar,JHABAR,3207
114367,Jond,JOND,3207
114368,Kaudiya,KAUDIYA,3207
114369,Lahlahe,LAHLAHE,3207
250324,Medininagar (Daltonganj) Municipal Corporation,मेदिनीनगर,3207
114371,Polpol Kala,POLPOL KALA,3207
114372,Rajwadih,RAJWADIH,3207
114375,Sarja,SARJA,3207
114377,Sua,SUA,3207
114380,Babhandih,BABHANDIH,3208
114381,Bardanda (Barwadih),BARDANDA (BARWADIH),3208
114383,Bilaspur,BILASPUR,3208
114384,Choukri,CHOUKRI,3208
114386,Haidernagar East,HAIDERNAGAR EAST,3208
114387,Haidernagar West,HAIDERNAGAR WEST,3208
114388,Immamnagar Barewa,IMMAMNAGAR BAREWA,3208
114390,Khargada,KHARGADA,3208
114392,Kukhi,KUKHI,3208
114395,Mohkar Kalan,MOHKAR KALAN,3208
114397,Parta,PARTA,3208
114399,Saraiya,SARAIYA,3208
114404,Dema,DEMA,3209
114405,Dhakacha,DHAKACHA,3209
300371,Hariharganj Municipal Corporation,Hariharganj Municipal Corporation,3209
114406,Kataiya,KATAIYA,3209
114407,Khadagpur,KHADAGPUR,3209
114408,Kulhia,KULHIA,3209
114411,Salaiya,SALAIYA,3209
114413,Sarsot,SARSOT,3209
114416,Semrwar,SEMRWAR,3209
114418,Badepur,BADEPUR,3210
114419,Bairaon,BAIRAON,3210
114420,Baniadih (Barahi),BANIADIH (BARAHI),3210
114421,Belbigha,BELBIGHA,3210
114422,Beni Kalan,BENI KALAN,3210
114423,Dandila,DANDILA,3210
114424,Dangwar,DANGWAR,3210
114425,Daruabeni,DARUABENI,3210
114426,Deorikalan,DEORIKALAN,3210
114427,Deorikhurd,DEORIKHURD,3210
114428,Jamua,JAMUA,3210
114429,Jhargara,JHARGARA,3210
114430,Kosi,KOSI,3210
114431,Kurmipur,KURMIPUR,3210
114432,Lotania,LOTANIA,3210
114433,Mahuary,MAHUARY,3210
114434,Mahudand,MAHUDAND,3210
114435,Pathara,PATHARA,3210
114436,Patra Khurd,PATRA KHURD,3210
114437,Poldih,POLDIH,3210
114438,Upari Kalan,UPARI KALAN,3210
114439,Urdhwar (Manjurahar),URDHWAR (MANJURAHAR),3210
114440,Chaura,CHAURA,3211
114441,Dabara,DABARA,3211
114442,Darudih,DARUDIH,3211
114443,Haratua,HARATUA,3211
114444,Jamundih,JAMUNDIH,3211
114445,Juru,JURU,3211
114446,Kott Khas,KOTT KHAS,3211
114447,Kundari,KUNDARI,3211
114448,Kurain Patra,KURAIN PATRA,3211
114449,Lesliganj,LESLIGANJ,3211
114450,Naudiha,NAUDIHA,3211
114451,Oriya Kalan,ORIYA KALAN,3211
114452,Piprakhurd,PIPRAKHURD,3211
114453,Purnadih,PURNADIH,3211
114454,Rajhara,RAJHARA,3211
114455,Sangbar,SANGBAR,3211
114457,Banshikhurd,BANSHIKHURD,3212
114458,Chak,CHAK,3212
114459,Dumari,DUMARI,3212
114463,Manjhauli (A),MANJHAULI (A),3212
114465,Naudiha,NAUDIHA,3212
114467,Padama,PADAMA,3212
114469,Rangeya,RANGEYA,3212
114476,Dala Kalan,DALA KALAN,3213
114477,Kajaru Kalan,KAJARU KALAN,3213
114478,Kutmu,KUTMU,3213
114481,Mahugawan,MAHUGAWAN,3213
114484,Musikhap,MUSIKHAP,3213
114485,Pandu,PANDU,3213
114486,Phulia,PHULIA,3213
114487,Ratnag,RATNAG,3213
114488,Sildili,SILDILI,3213
114489,Tisi Bar Kalan,TISI BAR KALAN,3213
114490,Ambabar,AMBABAR,3214
114491,Asehar,ASEHAR,3214
114492,Dandar Kalan,DANDAR KALAN,3214
114493,Dhub,DHUB,3214
114494,Hotai,HOTAI,3214
114495,Hurlong,HURLONG,3214
114496,Karar,KARAR,3214
114497,Kekar Garh,KEKAR GARH,3214
114498,Kelahwa,KELAHWA,3214
114499,Konwai,KONWAI,3214
114500,Loharsi,LOHARSI,3214
114501,Madan,MADAN,3214
114502,Naudiha,NAUDIHA,3214
114503,Nawadiha,NAWADIHA,3214
114504,Nuru,NURU,3214
114505,Pagar Khurd,PAGAR KHURD,3214
114506,Pakariya,PAKARIYA,3214
114507,Panki (East),PANKI (EAST),3214
114508,Panki (West),PANKI (WEST),3214
114509,Ratanpur,RATANPUR,3214
114510,Sagalim,SAGALIM,3214
114511,Sakaldeepa,SAKALDEEPA,3214
114512,Sundi,SUNDI,3214
114513,Tal,TAL,3214
114514,Tetrain,TETRAIN,3214
114517,Hisra Barwadih,HISRA BARWADIH,3215
114518,Janghasi,JANGHASI,3215
114520,Kanke Kalan,KANKE KALAN,3215
114521,Kaswakhar,KASWAKHAR,3215
114522,Kelhar,KELHAR,3215
114523,Kishunpur,KISHUNPUR,3215
114525,Loinga,LOINGA,3215
114526,Mahulia,MAHULIA,3215
114528,Meral,MERAL,3215
114530,Naudiha,NAUDIHA,3215
114531,Nawakhas,NAWAKHAS,3215
114532,Pachkeriya,PACHKERIYA,3215
114534,Palhe Kalan,PALHE KALAN,3215
114536,Rajhara,RAJHARA,3215
114537,Rundidih,RUNDIDIH,3215
114538,Saguna,SAGUNA,3215
114539,Sataua,SATAUA,3215
114540,Semari,SEMARI,3215
114541,Sirma,SIRMA,3215
114542,Sole,SOLE,3215
114543,Suntha,SUNTHA,3215
114544,Utaki,UTAKI,3215
114545,Bakoriya,BAKORIYA,3216
114546,Bari,BARI,3216
114547,Bohita,BOHITA,3216
114548,Dhawadih,DHAWADIH,3216
114549,Dulsulma,DULSULMA,3216
114550,Ghutua,GHUTUA,3216
114551,Ponchi,PONCHI,3216
114552,Rabada,RABADA,3216
114553,Rewaratu,REWARATU,3216
114554,Satbarwa,SATBARWA,3216
114382,Bhajania,BHAJANIA,6644
114385,Goradih,GORADIH,6644
114389,Kadal Kurmi,KADAL KURMI,6644
114391,Kolhua Sonbarsa,KOLHUA SONBARSA,6644
114393,Latpouri,LATPOURI,6644
114394,Mohammadganj,MOHAMMADGANJ,6644
114396,Pansa,PANSA,6644
114398,Rambandh (Kosiyara),RAMBANDH (KOSIYARA),6644
114401,Babhandih,BABHANDIH,6645
114403,Dalpatpur,DALPATPUR,6645
114409,Madhubana,MADHUBANA,6645
114410,Pipra,PIPRA,6645
114412,Saraiya,SARAIYA,6645
114417,Tendui,TENDUI,6645
114328,Bisunpur,BISUNPUR,6646
114329,Cherai (2),CHERAI (2),6646
114333,Dagra,DAGRA,6646
114340,Karkata,KARKATA,6646
114343,Khairadohar,KHAIRADOHAR,6646
114345,Lalgara,LALGARA,6646
114346,Laxmipur,LAXMIPUR,6646
114351,Namudag,NAMUDAG,6646
114353,Nawatand,NAWATAND,6646
114356,Sahpur,SAHPUR,6646
114357,Saraidih,SARAIDIH,6646
114360,Tari Dih,TARI DIH,6646
114279,Joga,JOGA,6647
114281,Karkata,KARKATA,6647
114479,Lahar Banjari,LAHAR BANJARI,6647
114480,Lumba Satbahini,LUMBA SATBAHINI,6647
114482,Murma Kalan,MURMA KALAN,6647
114483,Murma Khurd,MURMA KHURD,6647
114273,Basana,BASANA,6648
114278,Itko,ITKO,6648
114280,Kanda,KANDA,6648
114283,Kumbhi Kalan,KUMBHI  KALAN,6648
114286,Rabda,RABDA,6648
114287,Rajhara,RAJHARA,6648
114289,Sohdagkhurd,SOHDAGKHURD,6648
114291,Tukbera,TUKBERA,6648
114515,Chhechauri,CHHECHAURI,6649
114516,Gari Khas,GARI KHAS,6649
114519,Kajari,KAJARI,6649
114524,Lohara,LOHARA,6649
114527,Majhigawan,MAJHIGAWAN,6649
114529,Mudma,MUDMA,6649
114533,Padwa,PADWA,6649
114535,Patra,PATRA,6649
114456,Arka,ARKA,6650
114460,Goindi,GOINDI,6650
114461,Gurha,GURHA,6650
114462,Kasmar,KASMAR,6650
114464,Manjhauli (B),MANJHAULI (B),6650
114466,Nawagarh,NAWAGARH,6650
114468,Pathak Pagar,PATHAK PAGAR,6650
114470,Selari,SELARI,6650
114471,Sonpura,SONPURA,6650
114472,Tarhansi,TARHANSI,6650
114473,Tariya,TARIYA,6650
114474,Udaipur A- I,UDAIPUR A- I,6650
114475,Udaipura - II,UDAIPURA  - II,6650
113648,A.K. Koliyari,A.K. KOLIYARI,3174
113649,Balkudra,BALKUDRA,3174
113650,Baridih,BARIDIH,3174
113652,Bhurkunda,BHURKUNDA,3174
113653,Bicha,BICHA,3174
113654,Budh Bazar Chief House,BUDH BAZAR CHIEF HOUSE,3174
113655,Budh Bazar Dotalla,BUDH BAZAR DOTALLA,3174
113656,Budh Bazar Imligachh,BUDH BAZAR IMLIGACHH,3174
113657,C.C.L. Saunda,C.C.L. SAUNDA,3174
113658,Central Saunda,CENTRAL SAUNDA,3174
113660,Chikor,CHIKOR,3174
113661,Chordhara,CHORDHARA,3174
113662,Dewariya Basti,DEWARIYA BASTI,3174
113663,Dudgi,DUDGI,3174
113666,Hafuwa,HAFUWA,3174
113667,Hanumangarhi,HANUMANGARHI,3174
113668,Hariharpur,HARIHARPUR,3174
113669,Hesla,HESLA,3174
113670,Jawaharnagar,JAWAHARNAGAR,3174
113671,Jaynagar,JAYNAGAR,3174
113672,Kander,KANDER,3174
113674,Katiyabasti,KATIYABASTI,3174
113673,Katiya Panchmandir,KATIYA PANCHMANDIR,3174
113675,Koto,KOTO,3174
113676,Kurse,KURSE,3174
113677,Labga,LABGA,3174
113678,Lapanga,LAPANGA,3174
113679,Pali,PALI,3174
113680,Palu,PALU,3174
113681,Patelnagar,PATELNAGAR,3174
113682,Patratu,PATRATU,3174
274798,Piri,पीरी,3174
274814,Ramgarh Nagar Parishad,रामगढ़ नगर परिषद,3174
113683,Sanki,SANKI,3174
113684,Sankul,SANKUL,3174
113685,Saunda Basti,SAUNDA BASTI,3174
113686,Saundadih,SAUNDADIH,3174
113687,Sayal K.K. Koliyari,SAYAL K.K. KOLIYARI,3174
113688,Sayal North,SAYAL NORTH,3174
113689,Sayal South,SAYAL SOUTH,3174
113690,Shah Colony,SHAH COLONY,3174
113691,Sundar Nagar,SUNDAR NAGAR,3174
113692,Talatand,TALATAND,3174
113506,Banda,BANDA,3168
113507,Bariatu,BARIATU,3168
113508,Barlanga,BARLANGA,3168
113509,Betulkala,BETULKALA,3168
113510,Chadi,CHADI,3168
113511,Chokad,CHOKAD,3168
113512,Gola,GOLA,3168
113513,Hesapoda,HESAPODA,3168
113514,Huppu,HUPPU,3168
113515,Korambe,KORAMBE,3168
113516,Kumhardaga,KUMHARDAGA,3168
113517,Maganpur,MAGANPUR,3168
113518,Nawadih,NAWADIH,3168
113519,Purabdih,PURABDIH,3168
113520,Rakua,RAKUA,3168
113521,Sadam,SADAM,3168
113522,Sangrampur,SANGRAMPUR,3168
113523,Saragdih,SARAGDIH,3168
113524,Sosokala,SOSOKALA,3168
113525,Sutri,SUTRI,3168
113526,Uparbarga,UPARBARGA,3168
113599,Ara North,ARA NORTH,3172
113600,Ara South,ARA SOUTH,3172
113601,Badgaon,BADGAON,3172
113602,Badka Chumba,BADKA CHUMBA,3172
113603,Barughutu East,BARUGHUTU EAST,3172
113604,Barughutu Middle,BARUGHUTU MIDDLE,3172
113605,Barughutu North,BARUGHUTU NORTH,3172
113606,Barughutu West,BARUGHUTU WEST,3172
113607,Basantpur,BASANTPUR,3172
113609,Bumri,BUMRI,3172
113610,Chhotki Dundi,CHHOTKI DUNDI,3172
113612,Hesagarha,HESAGARHA,3172
113613,Ichakdih,ICHAKDIH,3172
113614,Karma North,KARMA NORTH,3172
113615,Karma South,KARMA SOUTH,3172
113616,Kedla Middle,KEDLA MIDDLE,3172
113617,Kedla North,KEDLA NORTH,3172
113618,Kedla South,KEDLA SOUTH,3172
113619,Kimo,KIMO,3172
113620,Kuju East,KUJU EAST,3172
113621,Kuju South,KUJU SOUTH,3172
113622,Kuju West,KUJU WEST,3172
113623,Laiyo North,LAIYO NORTH,3172
113624,Laiyo South,LAIYO SOUTH,3172
113625,Manduchati,MANDUCHATI,3172
113626,Mandudih,MANDUDIH,3172
113627,Manjhla Chumba,MANJHLA CHUMBA,3172
113629,Nawadih,NAWADIH,3172
113630,Orla,ORLA,3172
113631,Pindra,PINDRA,3172
113632,Pundi,PUNDI,3172
274814,Ramgarh Nagar Parishad,रामगढ़ नगर परिषद,3172
113633,Ratwe,RATWE,3172
113635,Sarubeda,SARUBEDA,3172
113637,Sondiha,SONDIHA,3172
113638,Tapin,TAPIN,3172
113639,Topa,TOPA,3172
113697,Barlong,BARLONG,3175
113705,Dohakatu,DOHAKATU,3175
113713,Kundrukala,KUNDRUKALA,3175
274814,Ramgarh Nagar Parishad,रामगढ़ नगर परिषद,3175
113696,Barkipona,BARKIPONA,6716
113698,Bhuchungdih,BHUCHUNGDIH,6716
113699,Borobing,BOROBING,6716
113701,Chitarpur East,CHITARPUR EAST,6716
113702,Chitarpur North,CHITARPUR NORTH,6716
113703,Chitarpur South,CHITARPUR SOUTH,6716
113704,Chitarpur West,CHITARPUR WEST,6716
113714,Larikalan,LARIKALAN,6716
113715,Marangmarcha,MARANGMARCHA,6716
113717,Mayal,MAYAL,6716
113720,Sewai North,SEWAI NORTH,6716
113721,Sewai South,SEWAI SOUTH,6716
113727,Sukrigarha,SUKRIGARHA,6716
113706,Dulmi,DULMI,6717
113707,Honhe,HONHE,6717
113708,Ichatu,ICHATU,6717
113709,Jamira,JAMIRA,6717
113712,Kulhi,KULHI,6717
113719,Potamdaga,POTAMDAGA,6717
113722,Sikni,SIKNI,6717
113725,Siru,SIRU,6717
113726,Soso,SOSO,6717
113728,Usra,USRA,6717
114632,Bamne,BAMNE,6639
114633,Bishrampur,BISHRAMPUR,6639
114634,Bukbuka,BUKBUKA,6639
111511,Churi (East),CHURI (EAST),6639
111509,Churi (Middle),CHURI (MIDDLE),6639
111510,Churi (North),CHURI (NORTH),6639
111513,Churi (South),CHURI (SOUTH),6639
111512,Churi (West),CHURI (WEST),6639
114642,Hutap,HUTAP,6639
114644,Khelari,KHELARI,6639
114645,Lapra,LAPRA,6639
114647,Mayapur,MAYAPUR,6639
114650,Ray,RAY,6639
114652,Tumang,TUMANG,6639
114556,Angara,ANGARA,3217
114557,Barwadag,BARWADAG,3217
114558,Bisa,BISA,3217
114559,Bongaibera,BONGAIBERA,3217
114560,Chatra,CHATRA,3217
114561,Childag,CHILDAG,3217
114562,Getalsud,GETALSUD,3217
114563,Guridih,GURIDIH,3217
114564,Haratu,HARATU,3217
114565,Hesal,HESAL,3217
114566,Hesatu,HESATU,3217
114567,Jonha,JONHA,3217
114568,Kucchu,KUCCHU,3217
114569,Lupung,LUPUNG,3217
114570,Nawagarh,NAWAGARH,3217
114571,Paika,PAIKA,3217
114572,Rajadera,RAJADERA,3217
114573,Salhan,SALHAN,3217
114575,Sirka,SIRKA,3217
114576,Sursu,SURSU,3217
114577,Tati,TATI,3217
114594,Bero,BERO,3219
114595,Chachkapi,CHACHKAPI,3219
114597,Dighia,DIGHIA,3219
114598,Doranda,DORANDA,3219
114600,Ghaghra,GHAGHRA,3219
114601,Hariharpur Jamtoli,HARIHARPUR JAMTOLI,3219
114602,Ita,ITA,3219
114605,Jaria,JARIA,3219
114606,Karanji,KARANJI,3219
114607,Karkari,KARKARI,3219
114608,Kesha,KESHA,3219
114609,Khukhra,KHUKHRA,3219
114614,Murto,MURTO,3219
114615,Nehalukapariya,NEHALUKAPARIYA,3219
114616,Purio,PURIO,3219
114618,Tero,TERO,3219
114619,Tutlo,TUTLO,3219
114620,Baruhatu,BARUHATU,3220
114621,Churgi,CHURGI,3220
114622,Edalhatu,EDALHATU,3220
114623,Gabhedya,GABHEDYA,3220
114624,Humta,HUMTA,3220
114625,Kanchi,KANCHI,3220
114626,Reladih,RELADIH,3220
114627,Sumandih,SUMANDIH,3220
114628,Taimara,TAIMARA,3220
114629,Tau,TAU,3220
114630,Tunju,TUNJU,3220
114631,Bade,BADE,3221
114635,Burmu,BURMU,3221
114636,Chaingara,CHAINGARA,3221
114637,Chakme,CHAKME,3221
114638,Chapper,CHAPPER,3221
114639,Ginjothakurgaon,GINJOTHAKURGAON,3221
114640,Gurgain,GURGAIN,3221
114641,Hesalpiri,HESALPIRI,3221
114643,Khakhra,KHAKHRA,3221
114646,Makka,MAKKA,3221
114648,Murupiri,MURUPIRI,3221
114649,Ojhasaram,OJHASARAM,3221
114651,Sarle,SARLE,3221
114653,Umedanda,UMEDANDA,3221
114654,Balsokra,BALSOKRA,3222
114655,Beyasi,BEYASI,3222
114656,Chama,CHAMA,3222
114657,Chatwal,CHATWAL,3222
114658,Choreya,CHOREYA,3222
114659,Karkat,KARKAT,3222
114660,Lundri,LUNDRI,3222
114661,Murto,MURTO,3222
114662,Pandri,PANDRI,3222
114663,Patratu,PATRATU,3222
114664,Raghunathpur,RAGHUNATHPUR,3222
114665,Roll,ROLL,3222
114666,Silagain,SILAGAIN,3222
114667,Sons,SONS,3222
114668,Tala,TALA,3222
114669,Tanger,TANGER,3222
114670,Taranga,TARANGA,3222
114671,Arsande,ARSANDE,3223
114672,Badhu,BADHU,3223
114673,Boreya,BOREYA,3223
114674,Chandwe,CHANDWE,3223
114675,Chutu,CHUTU,3223
114676,Dumardaga,DUMARDAGA,3223
114678,Gagi,GAGI,3223
114679,Hochar,HOCHAR,3223
114680,Hundur,HUNDUR,3223
114681,Husir,HUSIR,3223
114682,Ichapiri,ICHAPIRI,3223
114683,Jaipur,JAIPUR,3223
114685,Kanke(North),KANKE(NORTH),3223
114686,Kanke(South),KANKE(SOUTH),3223
114687,Kanke(West),KANKE(WEST),3223
114688,Katamkuli,KATAMKULI,3223
114689,Kedal,KEDAL,3223
114690,Khatanga,KHATANGA,3223
114691,Kokdoro,KOKDORO,3223
114692,Malsiring,MALSIRING,3223
114693,Manatu,MANATU,3223
114694,Mesra (East),MESRA (EAST),3223
114695,Mesra (West),MESRA (WEST),3223
114696,Neori,NEORI,3223
114697,Pithoria,PITHORIA,3223
250413,Ranchi,रांची,3223
114698,Rarha,RARHA,3223
114699,Sataknadu,SATAKNADU,3223
114701,Sukurhutu (North),SUKURHUTU (NORTH),3223
114702,Sukurhutu (South),SUKURHUTU (SOUTH),3223
114704,Ulatu,ULATU,3223
114705,Uparkonki,UPARKONKI,3223
114706,Urugutu,URUGUTU,3223
114738,Bokranda,BOKRANDA,3226
114739,Dadi,DADI,3226
114740,Danekera,DANEKERA,3226
114741,Deogaon,DEOGAON,3226
114742,Dolaicha,DOLAICHA,3226
114743,Hulsu,HULSU,3226
114744,Kakaria,KAKARIA,3226
114745,Latratu,LATRATU,3226
114746,Mahugaon,MAHUGAON,3226
114747,Malgo,MALGO,3226
114748,Sapukera,SAPUKERA,3226
114749,Banjhila,BANJHILA,3227
114750,Bargari,BARGARI,3227
114751,Bishakhatanga,BISHAKHATANGA,3227
114752,Brambey,BRAMBEY,3227
114753,Jhinjhri,JHINJHRI,3227
114754,Kaimbo,KAIMBO,3227
114755,Kanjia,KANJIA,3227
114756,Karge,KARGE,3227
114757,Loyo,LOYO,3227
114758,Mahuajari,MAHUAJARI,3227
114759,Malti,MALTI,3227
114760,Mandar,MANDAR,3227
114761,Mandro,MANDRO,3227
114762,Murma,MURMA,3227
114763,Nagra,NAGRA,3227
114764,Sarwa,SARWA,3227
114765,Sursa,SURSA,3227
114766,Tangarbasli,TANGARBASLI,3227
114767,Tigoiambatoli,TIGOIAMBATOLI,3227
114784,Aara,AARA,3229
114785,Bandhuwa,BANDHUWA,3229
114786,Baram,BARAM,3229
114787,Bargawan,BARGAWAN,3229
114788,Chandaghasi,CHANDAGHASI,3229
114789,Dungri,DUNGRI,3229
114790,Hahap,HAHAP,3229
114791,Hardag,HARDAG,3229
114792,Hudwa,HUDWA,3229
114793,Huwanghatu,HUWANGHATU,3229
114794,Khijri,KHIJRI,3229
114795,Kutiyatu,KUTIYATU,3229
114796,Lali,LALI,3229
114797,Lalkhatanga,LALKHATANGA,3229
114798,Mahilong,MAHILONG,3229
114799,Rajaulatu,RAJAULATU,3229
114800,Rampur,RAMPUR,3229
250413,Ranchi,रांची,3229
114801,Sidroll,SIDROLL,3229
114802,Silway,SILWAY,3229
114803,Sithio,SITHIO,3229
114804,Sodag,SODAG,3229
114805,Tati (East),TATI (EAST),3229
114806,Tati (West),TATI (WEST),3229
114807,Baridih,BARIDIH,3230
114808,Barwe,BARWE,3230
114809,Chadu,CHADU,3230
114810,Chakla,CHAKLA,3230
114811,Chandra,CHANDRA,3230
114812,Chutupalu,CHUTUPALU,3230
114813,Gagari,GAGARI,3230
114814,Hendebili,HENDEBILI,3230
114815,Ichadag,ICHADAG,3230
114816,Irba,IRBA,3230
114817,Jaidih A,JAIDIH A,3230
114818,Karma,KARMA,3230
114819,Kucchu,KUCCHU,3230
114820,Kute,KUTE,3230
114821,Ormanjhi,ORMANJHI,3230
114822,Paancha,PAANCHA,3230
114823,Sadma,SADMA,3230
114824,Tundahuli,TUNDAHULI,3230
114832,Bajpur,BAJPUR,3232
114834,Banapiri,BANAPIRI,3232
114835,Bijulia,BIJULIA,3232
274506,Chatakpur,Chatakpur,3232
114677,Futkaltoli,FUTKALTOLI,3232
114840,Gudu,GUDU,3232
114841,Hurhuri,HURHURI,3232
114684,Kamre,KAMRE,3232
114843,Lahna,LAHNA,3232
114847,Pali,PALI,3232
274480,Pandra,Pandra,3232
114848,Purio,PURIO,3232
114849,Ratu (East),RATU (EAST),3232
114850,Ratu (North),RATU (NORTH),3232
114851,Ratu (South),RATU (SOUTH),3232
114852,Ratu (West),RATU (WEST),3232
114700,Simalia,SIMALIA,3232
114703,Sundil,SUNDIL,3232
114855,Tarup,TARUP,3232
114856,Tigra,TIGRA,3232
114859,Badachangru,BADACHANGRU,3233
114860,Bansaruli,BANSARULI,3233
114862,Bantahajam (North),BANTAHAJAM (NORTH),3233
114863,Bantahajam (South),BANTAHAJAM (SOUTH),3233
114865,Bisaria,BISARIA,3233
114866,Dobadu,DOBADU,3233
114867,Goradih,GORADIH,3233
114868,Hakedag,HAKEDAG,3233
114869,Halmada,HALMADA,3233
114870,Kocho,KOCHO,3233
114871,Lota,LOTA,3233
114872,Lowadag,LOWADAG,3233
114873,Lupung,LUPUNG,3233
114874,Muri (East),MURI (EAST),3233
114875,Muri (West),MURI (WEST),3233
114876,Nagedih,NAGEDIH,3233
114877,Patrahatu,PATRAHATU,3233
114878,Piska,PISKA,3233
114879,Silli,SILLI,3233
114880,Tutki,TUTKI,3233
114881,Barenda,BARENDA,3234
114882,Baruhatu,BARUHATU,3234
114884,Dulmi,DULMI,3234
114885,Galau,GALAU,3234
114886,Harin,HARIN,3234
114887,Hesadih,HESADIH,3234
114889,Jamudag,JAMUDAG,3234
114890,Jilingsereng,JILINGSERENG,3234
114891,Jintu,JINTU,3234
114892,Landupdih,LANDUPDIH,3234
114895,Pandadih,PANDADIH,3234
114897,Sonahatu,SONAHATU,3234
114898,Telwadih,TELWADIH,3234
114899,Tetla,TETLA,3234
114900,Aarahanga,AARAHANGA,3235
114901,Amlesha,AMLESHA,3235
114902,Birgaon,BIRGAON,3235
114903,Dimbujarda,DIMBUJARDA,3235
114904,Hadamlohar,HADAMLOHAR,3235
114905,Janumpiri,JANUMPIRI,3235
114906,Jargo,JARGO,3235
114907,Kundla,KUNDLA,3235
114908,Kurkutta,KURKUTTA,3235
114909,Lungtu,LUNGTU,3235
114910,Malhan (Bhuiyandih),MALHAN (BHUIYANDIH),3235
114911,Mankidih,MANKIDIH,3235
114912,Mardhan,MARDHAN,3235
114913,Parasi,PARASI,3235
114914,Peraidih,PERAIDIH,3235
114915,Pundidiri,PUNDIDIRI,3235
114916,Ragrabaram,RAGRABARAM,3235
114917,Rargaon,RARGAON,3235
114918,Sarjamdih,SARJAMDIH,3235
114919,Tamar (E),TAMAR (E),3235
114920,Tamar (W),TAMAR (W),3235
114921,Ulidih,ULIDIH,3235
114922,Ulilohar,ULILOHAR,3235
114833,Balalong,BALALONG,6636
114836,Chete,CHETE,6636
114837,Chipra,CHIPRA,6636
114838,Dewri,DEWRI,6636
114839,Edchero,EDCHERO,6636
114842,Kudlong,KUDLONG,6636
114844,Lalgutua,LALGUTUA,6636
114845,Nagri,NAGRI,6636
114846,Naro,NARO,6636
114853,Saher,SAHER,6636
114854,Saparom,SAPAROM,6636
114857,Tundul (North),TUNDUL (NORTH),6636
114858,Tundul (South),TUNDUL (SOUTH),6636
114596,Chinaro Purio,CHINARO PURIO,6637
114599,Gargaon,GARGAON,6637
114603,Itki (East),ITKI (EAST),6637
114604,Itki (West),ITKI (WEST),6637
114610,Kulli,KULLI,6637
114611,Kundi,KUNDI,6637
114612,Kurgi,KURGI,6637
114613,Malti,MALTI,6637
114617,Ranikhatanga,RANIKHATANGA,6637
114555,Ambajharia,AMBAJHARIA,6638
114861,Bansia,BANSIA,6638
114864,Basantpur,BASANTPUR,6638
114883,Dokad,DOKAD,6638
114888,Hotlo,HOTLO,6638
114893,Lowahatu,LOWAHATU,6638
114894,Nawadih,NAWADIH,6638
114896,Rahe,RAHE,6638
114574,Sataki,SATAKI,6638
114939,Bar Bandh,BAR BANDH,3237
114940,Barhait Bazar,BARHAIT BAZAR,3237
114941,Barhait Santhali North,BARHAIT SANTHALI NORTH,3237
114942,Barhait Santhali South,BARHAIT SANTHALI SOUTH,3237
114943,Barmasiya,BARMASIYA,3237
114944,Bhognadih,BHOGNADIH,3237
114945,Chhuchhi,CHHUCHHI,3237
114946,Dorai Santhali,DORAI SANTHALI,3237
114947,Gopladih,GOPLADIH,3237
114948,Hiranpur,HIRANPUR,3237
114949,Kadama,KADAMA,3237
114950,Khairwa,KHAIRWA,3237
114951,Khijurkhal,KHIJURKHAL,3237
114952,Kusma Santhali,KUSMA SANTHALI,3237
114953,Labri,LABRI,3237
114954,Panchkathiya Bazar,PANCHKATHIYA BAZAR,3237
114955,Panchkathiya Santhali,PANCHKATHIYA SANTHALI,3237
114956,Phulbhanga,PHULBHANGA,3237
114957,Sanmani,SANMANI,3237
114958,Simaldhab,SIMALDHAB,3237
114959,Simra,SIMRA,3237
114960,Talbariya,TALBARIYA,3237
114961,Agloi,AGLOI,3238
114962,Ahut Gram,AHUT GRAM,3238
114964,Barari,BARARI,3238
114963,Bara Sonakar,BARA SONAKAR,3238
277137,Barharwa,बरहरवा,3238
114982,Batail,BATAIL,3238
114967,Bindupara,BINDUPARA,3238
114968,Binodpur,BINODPUR,3238
114969,Bishanpur,BISHANPUR,3238
114970,Dariyapur,DARIYAPUR,3238
114971,Harihara,HARIHARA,3238
114972,Hasti Para,HASTI PARA,3238
114973,Jampur,JAMPUR,3238
114975,Kalu,KALU,3238
114976,Kotal Pokhar,KOTAL POKHAR,3238
114977,Madhuwa Para,MADHUWA PARA,3238
114978,Maharajpur,MAHARAJPUR,3238
114979,Mayurkola,MAYURKOLA,3238
114980,Mirzapur,MIRZAPUR,3238
114981,Pathariya,PATHARIYA,3238
114983,Plasbona,PLASBONA,3238
114984,Ram Nagar,RAM NAGAR,3238
114986,Risour,RISOUR,3238
114987,Rupaspur,RUPASPUR,3238
114988,Satgachhi,SATGACHHI,3238
114989,Srikund,SRIKUND,3238
114990,Aprol,APROL,3239
114991,Bada Madansahi,BADA MADANSAHI,3239
114992,Bada Rakso,BADA RAKSO,3239
114993,Bada Toufir,BADA TOUFIR,3239
114994,Banjhi Santhali,BANJHI SANTHALI,3239
114995,Bichpura,BICHPURA,3239
114996,Birbal Kandar,BIRBAL KANDAR,3239
114997,Bishanpur,BISHANPUR,3239
114998,Borio Bazar,BORIO BAZAR,3239
114999,Borio Santhali,BORIO SANTHALI,3239
115000,Chasgama,CHASGAMA,3239
115001,Durga Tola,DURGA TOLA,3239
115002,Jetke Kumharjori,JETKE KUMHARJORI,3239
115003,Khairwa,KHAIRWA,3239
115004,Moti Pahari Bada,MOTI PAHARI BADA,3239
115005,Poaal,POAAL,3239
115006,Telo,TELO,3239
115007,Ambadiha,AMBADIHA,3240
115008,Bachcha,BACHCHA,3240
115009,Bartalla,BARTALLA,3240
115010,Basaha,BASAHA,3240
115011,Damin Bhitha,DAMIN BHITHA,3240
115012,Gadra,GADRA,3240
115013,Khairwa,KHAIRWA,3240
115014,Kouri Khutana,KOURI KHUTANA,3240
115015,Mahadev Waran,MAHADEV WARAN,3240
115016,Pindra,PINDRA,3240
115017,Simra,SIMRA,3240
115018,Tetriya,TETRIYA,3240
115019,Amdanda Santhali,AMDANDA SANTHALI,3241
115020,Arjunpur,ARJUNPUR,3241
115021,Bara Digghi,BARA DIGGHI,3241
115022,Bishanpur,BISHANPUR,3241
115023,Chhota Ranga,CHHOTA RANGA,3241
115024,Dharampur,DHARAMPUR,3241
115025,Kathalbari,KATHALBARI,3241
115026,Kendua,KENDUA,3241
115027,Lakhipur,LAKHIPUR,3241
115028,Modi Kola,MODI KOLA,3241
115029,Shahari,SHAHARI,3241
115030,Shiva Pahar,SHIVA PAHAR,3241
115031,Taljhari,TALJHARI,3241
115032,Babupur,BABUPUR,3242
115033,Dahu Tola,DAHU TOLA,3242
115034,Darla,DARLA,3242
115035,East Jamnagar,EAST JAMNAGAR,3242
115036,East Narayanpur,EAST NARAYANPUR,3242
115037,Gadai Maharajpur Diyara,GADAI MAHARAJPUR DIYARA,3242
115038,Ghat Jamni,GHAT JAMNI,3242
115039,Gunihari,GUNIHARI,3242
115040,Kaswa,KASWA,3242
115041,Khutahari,KHUTAHARI,3242
115042,Lakhipur,LAKHIPUR,3242
115043,Lalmati,LALMATI,3242
115044,Mahasingpur,MAHASINGPUR,3242
115045,Middle Narayanpur,MIDDLE NARAYANPUR,3242
115046,Mokimpur,MOKIMPUR,3242
115047,Parariya,PARARIYA,3242
115048,Pranpur,PRANPUR,3242
115049,Saidpur,SAIDPUR,3242
115050,Samaspur,SAMASPUR,3242
115051,Tetuliya,TETULIYA,3242
115052,Tin Pahar,TIN PAHAR,3242
115053,West Jamnagar,WEST JAMNAGAR,3242
115054,West Narayanpur,WEST NARAYANPUR,3242
115055,Ganga Prasad East,GANGA PRASAD EAST,3243
115056,Ganga Prasad East Middle,GANGA PRASAD EAST MIDDLE,3243
115057,Ganga Prasad West,GANGA PRASAD WEST,3243
115058,Ganga Prasad West Middle,GANGA PRASAD WEST MIDDLE,3243
115059,Hajipur East,HAJIPUR EAST,3243
115060,Hajipur West,HAJIPUR WEST,3243
115061,Har Prasad,HAR PRASAD,3243
115062,Kishan Prasad,KISHAN PRASAD,3243
115063,Makhamalpur North,MAKHAMALPUR NORTH,3243
115064,Makhamalpur South,MAKHAMALPUR SOUTH,3243
115065,Rampur,RAMPUR,3243
115066,Bakudi,BAKUDI,3244
115067,Bara Durgapur,BARA DURGAPUR,3244
115068,Bari Bhagiyamari,BARI BHAGIYAMARI,3244
115069,Bhatbhanga Santhali,BHATBHANGA SANTHALI,3244
115070,Brindavan,BRINDAVAN,3244
115071,Kalyani,KALYANI,3244
115072,Karanpura,KARANPURA,3244
115073,Maskalaiya,MASKALAIYA,3244
115074,Moti Jharna,MOTI JHARNA,3244
115075,Pokhariya,POKHARIYA,3244
115076,Sagarbhanga,SAGARBHANGA,3244
115077,Salgachhi Santhali,SALGACHHI SANTHALI,3244
115078,Taljhari,TALJHARI,3244
115079,Amanat Diyara,AMANAT DIYARA,3245
115080,Atapur,ATAPUR,3245
115081,Chand Shahar,CHAND SHAHAR,3245
115082,East Pranpur,EAST PRANPUR,3245
115083,East Udhwa,EAST UDHWA,3245
115084,East Udhwa Diyara,EAST UDHWA DIYARA,3245
115085,Jonka,JONKA,3245
115086,Kathalbari,KATHALBARI,3245
115087,Masna,MASNA,3245
115088,Middle Piyarpur,MIDDLE PIYARPUR,3245
115089,Mohanpur,MOHANPUR,3245
115090,North Begamganj,NORTH BEGAMGANJ,3245
115091,North Palasgachhi,NORTH PALASGACHHI,3245
115092,North Piyarpur,NORTH PIYARPUR,3245
115093,North Sarfarajganj,NORTH SARFARAJGANJ,3245
115094,Patoura,PATOURA,3245
115095,Radhanagar,RADHANAGAR,3245
115096,South Begamganj,SOUTH BEGAMGANJ,3245
115097,South Palasgachhi,SOUTH PALASGACHHI,3245
115098,South Piyarpur,SOUTH PIYARPUR,3245
115099,South Sarfarajganj,SOUTH SARFARAJGANJ,3245
115100,Sridhar Diyara,SRIDHAR DIYARA,3245
115101,Sutiyar Para,SUTIYAR PARA,3245
115102,West Pranpur,WEST PRANPUR,3245
115103,West Udhwa,WEST UDHWA,3245
115104,West Udhwa Diyara,WEST UDHWA DIYARA,3245
115105,Asanbani,ASANBANI,3246
115106,Bhadudih,BHADUDIH,3246
115107,Chandil,CHANDIL,3246
115108,Chawlibasa,CHAWLIBASA,3246
115109,Chilgu,CHILGU,3246
115110,Chouka,CHOUKA,3246
115111,Dhunaburu,DHUNABURU,3246
115112,Ghoranegi,GHORANEGI,3246
115113,Hensakocha,HENSAKOCHA,3246
115114,Jhabri,JHABRI,3246
115119,Khunti,KHUNTI,3246
115120,Matkamdih,MATKAMDIH,3246
115121,Rasuniya,RASUNIYA,3246
115122,Ruchap,RUCHAP,3246
115123,Rudiya,RUDIYA,3246
250423,Seraikella,सराइकेला,3246
115124,Tamulia,TAMULIA,3246
115125,Urmal,URMAL,3246
253166,Adityapur,आदित्यपुर,3247
115126,Bandhdih,BANDHDIH,3247
115127,Barakankra,BARAKANKRA,3247
115128,Birbans,BIRBANS,3247
115129,Burudih,BURUDIH,3247
115130,Chamaru,CHAMARU,3247
115131,Chhotagamharia,CHHOTAGAMHARIA,3247
115132,Dudra,DUDRA,3247
115133,Dugdha,DUGDHA,3247
115134,Dugni,DUGNI,3247
115135,Dumra,DUMRA,3247
115136,Itagarh,ITAGARH,3247
115137,Jagannathpur,JAGANNATHPUR,3247
115138,Jaykan,JAYKAN,3247
115140,Kalikapur,KALIKAPUR,3247
115141,Kandra,KANDRA,3247
115142,Muriya,MURIYA,3247
115143,Narayanpur,NARAYANPUR,3247
115144,Nuwagarh,NUWAGARH,3247
115145,Rapcha,RAPCHA,3247
115146,Tentoposi,TENTOPOSI,3247
115139,Yashpur,YASHPUR,3247
115147,Bandu,BANDU,3248
115148,Chimatia,CHIMATIA,3248
115150,Dewaltand,DEWALTAND,3248
115151,Gourangkocha,GOURANGKOCHA,3248
115152,Gudri,GUDRI,3248
115156,Lepatand,LEPAETAND,3248
115157,Maisara,MAISARA,3248
115158,Nadisai,NADISAI,3248
115159,Patkum,PATKUM,3248
115160,Situ,SITU,3248
115161,Sodo,SODO,3248
115162,Tikar,TIKAR,3248
115164,Tiruldih-2,TIRULDIH-2,3248
115165,Tuta,TUTA,3248
115166,Baraamda,BARAAMDA,3249
115167,Bitapur,BITAPUR,3249
115168,Burudih,BURUDIH,3249
115169,Chilku,CHILKU,3249
115170,Dalaikela,DALAIKELA,3249
115171,Hribhanja,HRIBHANJA,3249
115172,Jojodih,JOJODIH,3249
115173,Jordiha,JORDIHA,3249
245670,Kharsawan,KHARSAWAN,3249
115174,Krishnapur,KRISHNAPUR,3249
115175,Riding,RIDING,3249
115176,Simla,SIMLA,3249
115177,Telaidih,TELAIDIH,3249
115178,Aruwan,ARUWAN,3250
115179,Bandolohar,BANDOLOHAR,3250
115180,Baruhatu,BARUHATU,3250
115181,Chhotasegoi,CHHOTASEGOI,3250
115182,Gomiyadih,GOMIYADIH,3250
115183,Maranghatu,MARANGHATU,3250
115184,Pondakata,PONDAKATA,3250
115185,Rolahatu,ROLAHATU,3250
115186,Rugudih,RUGUDIH,3250
115187,Tilopada,TILOPADA,3250
115188,Adardih,ADARDIH,3251
115189,Bareda,BAREDA,3251
115191,Chaliyama,CHALIYAMA,3251
115192,Chigraparkidih,CHIGRAPARKIDIH,3251
115193,Gourdih,GOURDIH,3251
115194,Gunda,GUNDA,3251
115195,Heban,HEBAN,3251
115197,Jhimri,JHIMRI,3251
115198,Lakri,LAKRI,3251
115199,Lupungdih,LUPUNGDIH,3251
115202,Samanpur,SAMANPUR,3251
115203,Tengadih,TENGADIH,3251
115204,Tilla,TILLA,3251
115205,Adal,ADAL,3252
115206,Bana,BANA,3252
115207,Bandu,BANDU,3252
115208,Barasijulata,BARASIJULATA,3252
115209,Bijadih,BIJADIH,3252
115210,Dhuripada,DHURIPADA,3252
115211,Dumardiha,DUMARDIHA,3252
115212,Gamharia,GAMHARIA,3252
115213,Gangeruli,GANGERULI,3252
115214,Govindpur,GOVINDPUR,3252
115215,Herma,HERMA,3252
115216,Jonbani,JONBANI,3252
115217,Jumal,JUMAL,3252
115218,Katanga,KATANGA,3252
115219,Kendmundi,KENDMUNDI,3252
115220,Kuju,KUJU,3252
115221,Kurma,KURMA,3252
115222,Potka,POTKA,3252
115223,Rajnagar,RAJNAGAR,3252
115224,Titidih,TITIDIH,3252
115225,Tumung,TUMUNG,3252
115226,Chhotadawana,CHHOTADAWANA,3253
115227,Govindpur,GOVINDPUR,3253
115228,Hudu,HUDU,3253
115229,Itakudar,ITAKUDAR,3253
115230,Kamalpur,KAMALPUR,3253
115231,Mohitpur,MOHITPUR,3253
115232,Mundatand,MUNDATAND,3253
115233,Murkum,MURKUM,3253
115234,Murup,MURUP,3253
115235,Nowagoan,NOWAGOAN,3253
115236,Pandra,PANDRA,3253
115237,Pathanmara,PATHANMARA,3253
250423,Seraikella,सराइकेला,3253
115238,Sini,SINI,3253
115239,Uperdugni,UPERDUGNI,3253
115190,Birashi Sirum,BIRASHI SIRUM,6652
115149,Choura,CHOURA,6652
115153,Ichadih,ICHADIH,6652
115196,Janum,JANUM,6652
115154,Kukru,KUKRU,6652
115155,Letemda,LETEMDA,6652
115200,Odiya,ODIYA,6652
115201,Pargama,PARGAMA,6652
115163,Tiruldih -1,TIRULDIH -1,6652
115240,Badkaduel,BADKADUEL,3254
115241,Banki,BANKI,3254
115242,Bano,BANO,3254
115243,Beraergi,BERAERGI,3254
115244,Bintuka,BINTUKA,3254
115245,Dumariya,DUMARIYA,3254
115246,Genmer,GENMER,3254
115247,Jamtai,JAMTAI,3254
115248,Kanarowan,KANAROWAN,3254
115249,Konsodey,KONSODEY,3254
115250,Pabura,PABURA,3254
115251,Raikera,RAIKERA,3254
115252,Sahubera,SAHUBERA,3254
115253,Simhatu,SIMHATU,3254
115254,Soy,SOY,3254
115255,Ukouli,UKOULI,3254
115256,Behrinbasa,BEHRINBASA,3255
115257,Kadopani,KADOPANI,3255
115258,Malsara,MALSARA,3255
115259,Pidiyanponchh,PIDIYANPONCHH,3255
115260,Samsera,SAMSERA,3255
115262,Jaldega,JALDEGA,3256
115264,Konmerla,KONMERLA,3256
115265,Kutungiya,KUTUNGIYA,3256
115266,Lamboi,LAMBOI,3256
115267,Lamdega,LAMDEGA,3256
115268,Orga,ORGA,3256
115269,Parba,PARBA,3256
115270,Patiamba,PATIAMBA,3256
115272,Tati,TATI,3256
115273,Tingina,TINGINA,3256
115275,Agharma,AGHARMA,3257
115279,Aidega,EIDEGA,3257
115276,Bandarchuwan,BANDARCHUWAN,3257
115277,Barasloya,BARASLOYA,3257
115278,Domtoli,DOMTOLI,3257
115280,Kolebira,KOLEBIRA,3257
115281,Lachragarh,LACHRAGARH,3257
115282,Nawatoli,NAWATOLI,3257
115283,Rainsiya,RAINSIYA,3257
115284,Shahpur,SHAHPUR,3257
115285,Tutikel,TUTIKEL,3257
115287,Barkibuara,BARKIBUARA,3258
115289,Chadrimunda,CHADRIMUNDA,3258
115290,Dumardih,DUMARDIH,3258
115291,Gariyajor,GARIYAJOR,3258
115292,Hethma,HETHMA,3258
115294,Khinda,KHINDA,3258
115297,Kurdeg,KURDEG,3258
115298,Kutamakachchhar,KUTAMAKACHCHHAR,3258
115301,Arani,ARANI,3259
115303,Bada Barpani,BADA BARPANI,3259
115304,Bangru,BANGRU,3259
115305,Biru,BIRU,3259
115306,Garja,GARJA,3259
115307,Jokbahar,JOKBAHAR,3259
115310,Kochedega,KOCHEDEGA,3259
115312,Kullukera,KULLUKERA,3259
115314,Pithra,PITHRA,3259
115315,Sewai,SEWAI,3259
115317,Tainsera,TAINSERA,3259
115318,Tamra,TAMRA,3259
115319,Baghchatta,BAGHCHATTA,3260
115320,Bombalkera,BOMBALKERA,3260
115321,Dumaki,DUMAKI,3260
115322,Ghutbahar,GHUTBAHAR,3260
115323,Joram,JORAM,3260
115324,Kerya,KERYA,3260
115325,Konmenjara,KONMENJARA,3260
115326,Konpala,KONPALA,3260
115327,Koromiyan,KOROMIYAN,3260
115328,Meromdega,MEROMDEGA,3260
115329,Paikpara,PAIKPARA,3260
115330,Rajabasa,RAJABASA,3260
115331,Taraboga,TARABOGA,3260
115332,Thethaitanger,THETHAITANGER,3260
115333,Tukupani,TUKUPANI,3260
115302,Asanbera,ASANBERA,6611
115308,Kairbera,KAIRBERA,6611
115309,Keshalpur,KESHALPUR,6611
115311,Krushkela,KRUSHKELA,6611
115313,Pakartanr,PAKARTANR,6611
115316,Sikariyatanr,SIKARIYATANR,6611
115286,Baghdega,BAGHDEGA,6612
115288,Basen,BASEN,6612
115293,Kersai,KERSAI,6612
115295,Kinkel,KINKEL,6612
115296,Konjoba,KONJOBA,6612
115299,Tainser(East Part),TAINSER(EAST PART),6612
115300,Tainser(West Part),TAINSER(WEST PART),6612
115261,Bansjor,BANSJOR,6613
115263,Kombakera,KOMBAKERA,6613
115271,Targa,TARGA,6613
115274,Urtey,URTEY,6613
115515,Bandu,BANDU,6610
115518,Birkel,BIRKEL,6610
115520,Dadiyo Kamrora,DADIYO KAMRORA,6610
115524,Gulikera,GULIKERA,6610
115525,Kamrora,KAMRORA,6610
115397,Tomdel,TOMDEL,6610
115347,Baduri,BADURI,3262
115348,Diliamarcha,DILIAMARCHA,3262
115349,Gaisuti,GAISUTI,3262
115350,Harila,HARILA,3262
115351,Karlajodi,KARLAJODI,3262
115352,Kursi,KURSI,3262
115353,Lupungutu,LUPUNGUTU,3262
115354,Matkamhatu,MATKAMHATU,3262
115355,Narsanda,NARSANDA,3262
273819,Nimdih,Nimdih,3262
115436,Pandabir,PANDABIR,3262
115356,Simbiya,SIMBIYA,3262
115357,Tamarbandh,TAMARBANDH,3262
115358,Tekrahatu,TEKRAHATU,3262
115359,Tonto,TONTO,3262
115360,Tuibir,TUIBIR,3262
115384,Arahasa,ARAHASA,3264
115385,Bara,BARA,3264
115386,Bila,BILA,3264
115387,Gamharia,GAMHARIA,3264
115388,Goilkera,GOILKERA,3264
115390,Kadamdiha,KADAMDIHA,3264
115391,Kaida,KAIDA,3264
115392,Kebra,KEBRA,3264
115393,Kuira,KUIRA,3264
115395,Sarugara,SARUGARA,3264
115396,Tarkatkocha,TARKATKOCHA,3264
115427,Bara Chiru,BARA CHIRU,3267
115428,Baraguntia,BARAGUNTIA,3267
115429,Baralagiya,BARALAGIYA,3267
115430,Barkela,BARKELA,3267
115431,Bhoya,BHOYA,3267
115432,Dopai,DOPAI,3267
115433,Keyadchalam,KEYADCHALAM,3267
115434,Loharda,LOHARDA,3267
115435,Matkobera,MATKOBERA,3267
115437,Purunia,PURUNIA,3267
115438,Ruidih,RUIDIH,3267
115439,Ulirajabasa,ULIRAJABASA,3267
115513,Asantalia,ASANTALIA,3273
115514,Baljodi,BALJODI,3273
115516,Bari,BARI,3273
115517,Bhalurungi,BHALURUNGI,3273
115519,Boikera,BOIKERA,3273
115521,Dewanbir,DEWANBIR,3273
115522,Golmunda,GOLMUNDA,3273
115523,Govindpur,GOVINDPUR,3273
115526,Lonjo,LONJO,3273
115527,Porahat,PORAHAT,3273
115528,Sonapos,SONAPOS,3273
115334,Bandgaon,BANDGAON,3261
115335,Bhalupani,BHALUPANI,3261
115336,Champwa,CHAMPWA,3261
115337,Hurangda,HURANGDA,3261
115338,Jalasar,JALASAR,3261
115339,Karaikela,KARAIKELA,3261
115340,Landupada,LANDUPADA,3261
115341,Meromgutu,MEROMGUTU,3261
115342,Nakti,NAKTI,3261
115343,Otar,OTAR,3261
115344,Sawania,SAWANIA,3261
115345,Sinduribera,SINDURIBERA,3261
115346,Tebo,TEBO,3261
115361,Asantalia,ASANTALIA,3263
115362,Baipi,BAIPI,3263
115363,Bharania,BHARANIA,3263
115364,Chainpur,CHAINPUR,3263
115365,Chandri,CHANDRI,3263
115366,Gopinathpur,GOPINATHPUR,3263
115367,Gulkera,GULKERA,3263
115368,Hathiya,HATHIYA,3263
115369,Hatnatodang,HATNATODANG,3263
115370,Hoyahatu,HOYAHATU,3263
115371,Itihasa,ITIHASA,3263
115372,Itore,ITORE,3263
115373,Jamid,JAMID,3263
115374,Kendo,KENDO,3263
115375,Kenke,KENKE,3263
115376,Kera,KERA,3263
115377,Kolchakda,KOLCHAKDA,3263
115378,Kulitodang,KULITODANG,3263
115379,Nalita,NALITA,3263
115380,Padampur,PADAMPUR,3263
115381,Silphodi,SILPHODI,3263
115382,Simidiri,SIMIDIRI,3263
115383,Surgura,SURGURA,3263
115398,Badananda,BADANANDA,3265
115399,Bhangaon,BHANGAON,3265
115400,Chhota Mahuldiha,CHHOTA MAHULDIHA,3265
115401,Danguaposi,DANGUAPOSI,3265
115402,Gumuria,GUMURIA,3265
115403,Jagannathpur,JAGANNATHPUR,3265
115404,Jaintgarh,JAINTGARH,3265
115405,Kaleiya,KALEIYA,3265
115406,Karanjia,KARANJIA,3265
115407,Kasira,KASIRA,3265
115408,Maluka,MALUKA,3265
115409,Mongra,MONGRA,3265
115410,Mundai,MUNDAI,3265
115411,Patajaint,PATAJAINT,3265
115412,Siyaljora,SIYALJORA,3265
115413,Todanghatu,TODANGHATU,3265
115415,Asura,ASURA,3266
115416,Choya,CHOYA,3266
115418,Jodapokhar,JODAPOKHAR,3266
115419,Kelende,KELENDE,3266
115421,Kudahatu,KUDAHATU,3266
115422,Nawagaon,NAWAGAON,3266
115426,Tutugutu,TUTUGUTU,3266
115440,Andhari,ANDHARI,3268
115441,Baihatu,BAIHATU,3268
115442,Barusai,BARUSAI,3268
115443,Bedamundui,BEDAMUNDUI,3268
115444,Bhonda,BHONDA,3268
115445,Chhota Raikaman,CHHOTA RAIKAMAN,3268
115448,Khandkhori,KHANDKHORI,3268
115449,Kumardungi,KUMARDUNGI,3268
115450,Kumirta,KUMIRTA,3268
115453,Bada Lagda,BADA LAGDA,3269
115454,Bada Torlo,BADA TORLO,3269
115455,Bhagabila,BHAGABILA,3269
115456,Bharbharia,BHARBHARIA,3269
115457,Ipilsingi,IPILSINGI,3269
115458,Meromhoner,MEROMHONER,3269
115459,Padsa,PADSA,3269
115460,Panga,PANGA,3269
115461,Pilka,PILKA,3269
115462,Roladih,ROLADIH,3269
115463,Adhikari,ADHIKARI,3270
115464,Angarpada,ANGARPADA,3270
115465,Asanpat,ASANPAT,3270
115466,Baliaposi,BALIAPOSI,3270
115467,Dhoba Dhobin,DHOBA DHOBIN,3270
115468,Ghorabandha,GHORABANDHA,3270
115469,Kharpos,KHARPOS,3270
115470,Majhgaon,MAJHGAON,3270
115471,Nayagaon,NAYAGAON,3270
115472,Padsa,PADSA,3270
115473,Sonaposi,SONAPOSI,3270
115474,Tartaria,TARTARIA,3270
115476,Baranga,BARANGA,3271
115479,Chhotanagra,CHHOTANAGRA,3271
115480,Chiriya,CHIRIYA,3271
115481,Dhipa,DHIPA,3271
115482,Digha,DIGHA,3271
115483,Dimbuli,DIMBULI,3271
115484,Gangada,GANGADA,3271
115486,Kolpotka,KOLPOTKA,3271
115487,Lailore,LAILORE,3271
115488,Makranda,MAKRANDA,3271
115489,Manoharpur (East),MANOHARPUR (EAST),3271
115490,Manoharpur (West),MANOHARPUR (WEST),3271
115491,Nandpur,NANDPUR,3271
115492,Raidih,RAIDIH,3271
115493,Raikera,RAIKERA,3271
115495,Badapaseiya,BADAPASEIYA,3272
115496,Balijharan,BALIJHARAN,3272
115497,Bara Jamda,BARA JAMDA,3272
115498,Diriburu,DIRIBURU,3272
115499,Dudhbila,DUDHBILA,3272
115500,Gua (East),GUA (EAST),3272
115501,Gua (West),GUA (WEST),3272
115502,Jeteya,JETEYA,3272
115503,Kadajamda,KADAJAMDA,3272
115504,Kiriburu (East),KIRIBURU (EAST),3272
115505,Kiriburu (West),KIRIBURU (WEST),3272
115506,Kotgarh,KOTGARH,3272
115507,Mahudi,MAHUDI,3272
115508,Meghahatuburu (North),MEGHAHATUBURU (NORTH),3272
115509,Meghahatuburu (South),MEGHAHATUBURU (SOUTH),3272
115510,Noamundi,NOAMUNDI,3272
115511,Pataita,PATAITA,3272
115512,Pokharpi,POKHARPI,3272
115529,Angardiha,ANGARDIHA,3274
115530,Chitimiti,CHITIMITI,3274
115531,Kasiya,KASIYA,3274
115532,Kathbhari,KATHBHARI,3274
115533,Khas Pokhria,KHAS POKHRIA,3274
115534,Kokcho,KOKCHO,3274
115535,Purnia,PURNIA,3274
115536,Tangar Pokhria,TANGAR POKHRIA,3274
115537,Tantnagar,TANTNAGAR,3274
115538,Tentera,TENTERA,3274
115539,Bamebasa,BAMEBASA,3275
115540,Bara Jhinkpani,BARA JHINKPANI,3275
115541,Bundu,BUNDU,3275
115543,Kenjra,KENJRA,3275
115544,Kondwa,KONDWA,3275
115545,Nimdih,NIMDIH,3275
115546,Puranapani,PURANAPANI,3275
115547,Rengrahatu,RENGRAHATU,3275
115548,Siringsiya,SIRINGSIYA,3275
115549,Tonto,TONTO,3275
115414,Amdiha,AMDIHA,6608
115446,Dikubalkand,DIKUBALKAND,6608
115447,Dumria,DUMRIA,6608
115417,Jaipur,JAIPUR,6608
115542,Jamdih,JAMDIH,6608
115420,Kochda,KOCHDA,6608
115451,Kushmita,KUSHMITA,6608
115452,Kushmunda,KUSHMUNDA,6608
115423,Nurda,NURDA,6608
115424,Ruiya,RUIYA,6608
115425,Sindrigouri,SINDRIGOURI,6608
115475,Anandpur,ANANDPUR,6609
115477,Bedakenduda,BEDAKENDUDA,6609
115478,Binju,BINJU,6609
115389,Harta,HARTA,6609
115485,Jharbera,JHARBERA,6609
115494,Robokera,ROBOKERA,6609
115394,Rundhikocha,RUNDHIKOCHA,6609
